state,district,market,commodity,variety,arrival_date,min_price,max_price,modal_price
Chattisgarh,Durg,Durg,Brinjal,Other,20/02/2020,800,1000,900
Chattisgarh,Durg,Durg,Brinjal,Other,22/02/2020,600,1000,800
Chattisgarh,Durg,Durg,Brinjal,Other,23/02/2020,2000,2200,2100
Chattisgarh,Durg,Durg,Brinjal,Other,25/02/2020,1800,2200,2000
Chattisgarh,Durg,Durg,Brinjal,Other,26/02/2020,2000,2100,2050
Chattisgarh,Durg,Durg,Brinjal,Other,27/02/2020,1400,1500,1450
Chattisgarh,Durg,Durg,Brinjal,Other,28/02/2020,1300,1500,1400
Chattisgarh,Durg,Durg,Brinjal,Other,29/02/2020,1300,1400,1350
Chattisgarh,Durg,Durg,Brinjal,Other,01/03/2020,1200,1400,1300
Chattisgarh,Durg,Durg,Brinjal,Other,03/03/2020,1000,1400,1200
Chattisgarh,Durg,Durg,Brinjal,Other,04/03/2020,1200,1400,1300
Chattisgarh,Durg,Durg,Brinjal,Other,05/03/2020,1000,1400,1200
Chattisgarh,Durg,Durg,Brinjal,Other,06/03/2020,1200,1300,1250
Chattisgarh,Durg,Durg,Brinjal,Other,07/03/2020,1200,1300,1250
Chattisgarh,Durg,Durg,Brinjal,Other,09/03/2020,1000,1200,1100
Chattisgarh,Durg,Durg,Brinjal,Other,12/03/2020,800,1200,1000
Chattisgarh,Durg,Durg,Brinjal,Other,13/03/2020,1000,1200,1100
Chattisgarh,Durg,Durg,Brinjal,Other,14/03/2020,800,1200,1000
Chattisgarh,Durg,Durg,Brinjal,Other,15/03/2020,1000,1200,1100
Chattisgarh,Durg,Durg,Brinjal,Other,17/03/2020,800,1000,900
Chattisgarh,Durg,Durg,Brinjal,Other,18/03/2020,600,1000,800
Chattisgarh,Durg,Durg,Brinjal,Other,19/03/2020,300,400,350
Chattisgarh,Durg,Durg,Brinjal,Other,20/03/2020,400,500,450
Chattisgarh,Durg,Durg,Brinjal,Other,21/03/2020,300,500,400
Chattisgarh,Durg,Durg,Brinjal,Other,24/03/2020,400,500,450
Chattisgarh,Durg,Durg,Brinjal,Other,25/03/2020,500,700,600
Chattisgarh,Durg,Durg,Brinjal,Other,26/03/2020,1000,1200,1100
Chattisgarh,Durg,Durg,Brinjal,Other,27/03/2020,800,1200,1000
Chattisgarh,Durg,Durg,Brinjal,Other,28/03/2020,800,1000,900
Chattisgarh,Durg,Durg,Brinjal,Other,29/03/2020,500,600,550
Chattisgarh,Durg,Durg,Brinjal,Other,31/03/2020,300,400,350
Chattisgarh,Durg,Durg,Brinjal,Other,01/04/2020,300,400,350
Chattisgarh,Durg,Durg,Brinjal,Other,02/04/2020,300,500,400
Chattisgarh,Durg,Durg,Brinjal,Other,03/04/2020,400,500,450
Chattisgarh,Durg,Durg,Brinjal,Other,04/04/2020,200,300,250
Chattisgarh,Durg,Durg,Brinjal,Other,05/04/2020,300,400,350
Chattisgarh,Durg,Durg,Brinjal,Other,07/04/2020,400,500,450
Chattisgarh,Durg,Durg,Brinjal,Other,08/04/2020,300,500,400
Chattisgarh,Durg,Durg,Brinjal,Other,09/04/2020,400,500,450
Chattisgarh,Durg,Durg,Brinjal,Other,10/04/2020,300,500,400
Chattisgarh,Durg,Durg,Brinjal,Other,11/04/2020,400,500,450
Chattisgarh,Durg,Durg,Brinjal,Other,12/04/2020,200,600,400
Chattisgarh,Durg,Durg,Brinjal,Other,14/04/2020,600,700,650
Chattisgarh,Durg,Durg,Brinjal,Other,15/04/2020,500,700,600
Gujarat,Anand,"Anand(Veg,Yard,Anand)",Brinjal,Brinjal,20/02/2020,400,500,450
Gujarat,Anand,"Anand(Veg,Yard,Anand)",Brinjal,Brinjal,21/02/2020,400,500,450
Gujarat,Anand,"Anand(Veg,Yard,Anand)",Brinjal,Brinjal,22/02/2020,300,400,350
Gujarat,Anand,"Anand(Veg,Yard,Anand)",Brinjal,Brinjal,24/02/2020,400,500,450
Gujarat,Anand,"Anand(Veg,Yard,Anand)",Brinjal,Brinjal,25/02/2020,300,400,350
Gujarat,Anand,"Anand(Veg,Yard,Anand)",Brinjal,Brinjal,26/02/2020,300,400,350
Gujarat,Anand,"Anand(Veg,Yard,Anand)",Brinjal,Brinjal,27/02/2020,400,500,450
Gujarat,Anand,"Anand(Veg,Yard,Anand)",Brinjal,Brinjal,28/02/2020,250,500,350
Gujarat,Anand,"Anand(Veg,Yard,Anand)",Brinjal,Brinjal,29/02/2020,400,500,450
Gujarat,Anand,"Anand(Veg,Yard,Anand)",Brinjal,Brinjal,02/03/2020,250,350,300
Gujarat,Anand,"Anand(Veg,Yard,Anand)",Brinjal,Brinjal,03/03/2020,300,400,350
Gujarat,Anand,"Anand(Veg,Yard,Anand)",Brinjal,Brinjal,04/03/2020,250,350,300
Gujarat,Anand,"Anand(Veg,Yard,Anand)",Brinjal,Brinjal,05/03/2020,200,300,250
Gujarat,Anand,"Anand(Veg,Yard,Anand)",Brinjal,Brinjal,06/03/2020,250,350,300
Gujarat,Anand,"Anand(Veg,Yard,Anand)",Brinjal,Brinjal,09/03/2020,300,400,350
Gujarat,Anand,"Anand(Veg,Yard,Anand)",Brinjal,Brinjal,11/03/2020,500,600,550
Gujarat,Anand,"Anand(Veg,Yard,Anand)",Brinjal,Brinjal,12/03/2020,250,350,300
Gujarat,Anand,"Anand(Veg,Yard,Anand)",Brinjal,Brinjal,13/03/2020,250,350,300
Gujarat,Anand,"Anand(Veg,Yard,Anand)",Brinjal,Brinjal,14/03/2020,250,350,300
Gujarat,Anand,"Anand(Veg,Yard,Anand)",Brinjal,Brinjal,16/03/2020,250,350,300
Gujarat,Anand,"Anand(Veg,Yard,Anand)",Brinjal,Brinjal,17/03/2020,250,350,300
Gujarat,Anand,"Anand(Veg,Yard,Anand)",Brinjal,Brinjal,18/03/2020,400,500,450
Gujarat,Anand,"Anand(Veg,Yard,Anand)",Brinjal,Brinjal,19/03/2020,400,500,450
Gujarat,Anand,"Anand(Veg,Yard,Anand)",Brinjal,Brinjal,20/03/2020,400,500,450
Gujarat,Anand,"Anand(Veg,Yard,Anand)",Brinjal,Brinjal,21/03/2020,500,600,550
Gujarat,Anand,"Anand(Veg,Yard,Anand)",Brinjal,Brinjal,23/03/2020,750,1000,800
Gujarat,Anand,"Anand(Veg,Yard,Anand)",Brinjal,Brinjal,24/03/2020,500,700,600
Gujarat,Anand,"Anand(Veg,Yard,Anand)",Brinjal,Brinjal,25/03/2020,300,400,350
Gujarat,Anand,"Anand(Veg,Yard,Anand)",Brinjal,Brinjal,26/03/2020,400,700,550
Gujarat,Anand,"Anand(Veg,Yard,Anand)",Brinjal,Brinjal,27/03/2020,200,300,250
Gujarat,Anand,"Anand(Veg,Yard,Anand)",Brinjal,Brinjal,28/03/2020,300,400,350
Gujarat,Anand,"Anand(Veg,Yard,Anand)",Brinjal,Brinjal,30/03/2020,300,400,350
Gujarat,Anand,"Anand(Veg,Yard,Anand)",Brinjal,Brinjal,31/03/2020,300,400,350
Gujarat,Anand,"Anand(Veg,Yard,Anand)",Brinjal,Brinjal,01/04/2020,300,400,350
Gujarat,Anand,"Anand(Veg,Yard,Anand)",Brinjal,Brinjal,02/04/2020,300,400,350
Gujarat,Anand,"Anand(Veg,Yard,Anand)",Brinjal,Brinjal,03/04/2020,250,350,300
Gujarat,Anand,"Anand(Veg,Yard,Anand)",Brinjal,Brinjal,04/04/2020,250,400,350
Gujarat,Anand,"Anand(Veg,Yard,Anand)",Brinjal,Brinjal,06/04/2020,300,400,350
Gujarat,Anand,"Anand(Veg,Yard,Anand)",Brinjal,Brinjal,07/04/2020,250,350,300
Gujarat,Anand,"Anand(Veg,Yard,Anand)",Brinjal,Brinjal,08/04/2020,250,350,300
Gujarat,Anand,"Anand(Veg,Yard,Anand)",Brinjal,Brinjal,09/04/2020,300,400,350
Gujarat,Anand,"Anand(Veg,Yard,Anand)",Brinjal,Brinjal,10/04/2020,300,400,350
Gujarat,Anand,"Anand(Veg,Yard,Anand)",Brinjal,Brinjal,11/04/2020,300,400,350
Gujarat,Anand,"Anand(Veg,Yard,Anand)",Brinjal,Brinjal,13/04/2020,300,400,350
Gujarat,Anand,"Anand(Veg,Yard,Anand)",Brinjal,Brinjal,14/04/2020,300,400,350
Gujarat,Anand,"Anand(Veg,Yard,Anand)",Brinjal,Brinjal,15/04/2020,250,350,300
Haryana,Ambala,Naraingarh,Brinjal,Brinjal,20/02/2020,1500,2200,2000
Haryana,Ambala,Naraingarh,Brinjal,Brinjal,21/02/2020,2000,2200,2000
Haryana,Ambala,Naraingarh,Brinjal,Brinjal,22/02/2020,1500,2000,2000
Haryana,Ambala,Naraingarh,Brinjal,Brinjal,24/02/2020,2000,2500,2200
Haryana,Ambala,Naraingarh,Brinjal,Brinjal,25/02/2020,1300,2000,1800
Haryana,Ambala,Naraingarh,Brinjal,Brinjal,26/02/2020,2000,2500,2100
Haryana,Ambala,Naraingarh,Brinjal,Brinjal,27/02/2020,1400,2000,1850
Haryana,Ambala,Naraingarh,Brinjal,Brinjal,28/02/2020,1500,2500,2000
Haryana,Ambala,Naraingarh,Brinjal,Brinjal,29/02/2020,1500,2500,2000
Haryana,Ambala,Naraingarh,Brinjal,Brinjal,02/03/2020,2000,2000,2000
Haryana,Ambala,Naraingarh,Brinjal,Brinjal,03/03/2020,2000,2000,2000
Haryana,Ambala,Naraingarh,Brinjal,Brinjal,04/03/2020,2000,2200,2150
Haryana,Ambala,Naraingarh,Brinjal,Brinjal,05/03/2020,2000,2200,2050
Haryana,Ambala,Naraingarh,Brinjal,Brinjal,06/03/2020,1500,2000,1700
Haryana,Ambala,Naraingarh,Brinjal,Brinjal,07/03/2020,1800,1800,1800
Haryana,Ambala,Naraingarh,Brinjal,Brinjal,09/03/2020,2000,2000,2000
Haryana,Ambala,Naraingarh,Brinjal,Brinjal,10/03/2020,2000,2500,2100
Haryana,Ambala,Naraingarh,Brinjal,Brinjal,11/03/2020,2000,2000,2000
Haryana,Ambala,Naraingarh,Brinjal,Brinjal,12/03/2020,1500,2000,1800
Haryana,Ambala,Naraingarh,Brinjal,Brinjal,13/03/2020,1500,2000,1700
Haryana,Ambala,Naraingarh,Brinjal,Brinjal,14/03/2020,1500,2200,2000
Haryana,Ambala,Naraingarh,Brinjal,Brinjal,16/03/2020,1500,2200,2000
Haryana,Ambala,Naraingarh,Brinjal,Brinjal,17/03/2020,1500,2000,1700
Haryana,Ambala,Naraingarh,Brinjal,Brinjal,18/03/2020,1800,2000,2000
Haryana,Ambala,Naraingarh,Brinjal,Brinjal,19/03/2020,2000,2200,2000
Haryana,Ambala,Naraingarh,Brinjal,Brinjal,20/03/2020,2000,2000,2000
Haryana,Ambala,Naraingarh,Brinjal,Brinjal,21/03/2020,2000,3000,2200
Haryana,Ambala,Naraingarh,Brinjal,Brinjal,24/03/2020,900,900,900
Haryana,Ambala,Naraingarh,Brinjal,Brinjal,26/03/2020,2000,2000,2000
Haryana,Ambala,Naraingarh,Brinjal,Brinjal,27/03/2020,3000,3000,3000
Haryana,Ambala,Naraingarh,Brinjal,Brinjal,28/03/2020,2500,2500,2500
Haryana,Ambala,Naraingarh,Brinjal,Brinjal,30/03/2020,2000,3000,2300
Haryana,Ambala,Naraingarh,Brinjal,Brinjal,31/03/2020,1500,2500,2000
Haryana,Ambala,Naraingarh,Brinjal,Brinjal,01/04/2020,1500,3000,2500
Haryana,Ambala,Naraingarh,Brinjal,Brinjal,02/04/2020,2000,3000,2300
Haryana,Ambala,Naraingarh,Brinjal,Brinjal,03/04/2020,1000,2200,1500
Haryana,Ambala,Naraingarh,Brinjal,Brinjal,04/04/2020,1600,2200,2000
Haryana,Ambala,Naraingarh,Brinjal,Brinjal,06/04/2020,1500,2200,2000
Haryana,Ambala,Naraingarh,Brinjal,Brinjal,07/04/2020,1500,2500,2000
Haryana,Ambala,Naraingarh,Brinjal,Brinjal,08/04/2020,1500,2500,2000
Haryana,Ambala,Naraingarh,Brinjal,Brinjal,09/04/2020,1800,2500,2100
Haryana,Ambala,Naraingarh,Brinjal,Brinjal,10/04/2020,1500,2200,2000
Haryana,Ambala,Naraingarh,Brinjal,Brinjal,11/04/2020,1200,2000,1500
Haryana,Ambala,Naraingarh,Brinjal,Brinjal,13/04/2020,1400,2000,1600
Haryana,Ambala,Naraingarh,Brinjal,Brinjal,14/04/2020,1000,2000,1500
Haryana,Ambala,Naraingarh,Brinjal,Brinjal,15/04/2020,1000,1500,1200
Himachal Pradesh,Solan,Solan,Brinjal,Other,20/02/2020,2000,2500,2200
Himachal Pradesh,Solan,Solan,Brinjal,Other,22/02/2020,1500,2000,1800
Himachal Pradesh,Solan,Solan,Brinjal,Other,24/02/2020,1500,2000,1800
Himachal Pradesh,Solan,Solan,Brinjal,Other,26/02/2020,2200,2500,2400
Himachal Pradesh,Solan,Solan,Brinjal,Other,27/02/2020,1500,2000,1800
Himachal Pradesh,Solan,Solan,Brinjal,Other,28/02/2020,2000,3000,2500
Himachal Pradesh,Solan,Solan,Brinjal,Other,29/02/2020,2000,2500,2200
Himachal Pradesh,Solan,Solan,Brinjal,Other,02/03/2020,2000,2500,2200
Himachal Pradesh,Solan,Solan,Brinjal,Other,04/03/2020,2000,2200,2100
Himachal Pradesh,Solan,Solan,Brinjal,Other,05/03/2020,2000,2500,2200
Himachal Pradesh,Solan,Solan,Brinjal,Other,06/03/2020,2000,2500,2200
Himachal Pradesh,Solan,Solan,Brinjal,Other,07/03/2020,1500,2000,1800
Himachal Pradesh,Solan,Solan,Brinjal,Other,09/03/2020,2000,2500,2200
Himachal Pradesh,Solan,Solan,Brinjal,Other,11/03/2020,1500,2200,2000
Himachal Pradesh,Solan,Solan,Brinjal,Other,12/03/2020,2000,2500,2200
Himachal Pradesh,Solan,Solan,Brinjal,Other,13/03/2020,2000,2200,2100
Himachal Pradesh,Solan,Solan,Brinjal,Other,16/03/2020,1500,2000,1800
Himachal Pradesh,Solan,Solan,Brinjal,Other,17/03/2020,1600,2500,2200
Himachal Pradesh,Solan,Solan,Brinjal,Other,18/03/2020,1500,2000,1800
Himachal Pradesh,Solan,Solan,Brinjal,Other,19/03/2020,1500,2000,1800
Himachal Pradesh,Solan,Solan,Brinjal,Other,20/03/2020,1500,2000,1800
Himachal Pradesh,Solan,Solan,Brinjal,Other,23/03/2020,2200,2500,2400
Himachal Pradesh,Solan,Solan,Brinjal,Other,26/03/2020,2000,2500,2200
Himachal Pradesh,Solan,Solan,Brinjal,Other,30/03/2020,2500,3000,2800
Himachal Pradesh,Solan,Solan,Brinjal,Other,02/04/2020,2500,3000,2800
Himachal Pradesh,Solan,Solan,Brinjal,Other,03/04/2020,2000,2500,2200
Himachal Pradesh,Solan,Solan,Brinjal,Other,04/04/2020,2000,2500,2200
Himachal Pradesh,Solan,Solan,Brinjal,Other,05/04/2020,2000,2500,2200
Himachal Pradesh,Solan,Solan,Brinjal,Other,06/04/2020,2000,2500,2200
Himachal Pradesh,Solan,Solan,Brinjal,Other,07/04/2020,2000,2500,2200
Himachal Pradesh,Solan,Solan,Brinjal,Other,08/04/2020,2000,2500,2200
Himachal Pradesh,Solan,Solan,Brinjal,Other,09/04/2020,1500,2500,2000
Himachal Pradesh,Solan,Solan,Brinjal,Other,11/04/2020,1500,2000,1800
Himachal Pradesh,Solan,Solan,Brinjal,Other,12/04/2020,1500,2000,1800
Himachal Pradesh,Solan,Solan,Brinjal,Other,13/04/2020,1400,1500,1500
Himachal Pradesh,Solan,Solan,Brinjal,Other,14/04/2020,1800,2500,2200
Jharkhand,Ranchi,Khunti,Brinjal,Other,21/02/2020,2400,2800,2600
Jharkhand,Ranchi,Khunti,Brinjal,Other,22/02/2020,2200,2600,2400
Jharkhand,Ranchi,Khunti,Brinjal,Other,25/02/2020,1400,1800,1600
Jharkhand,Ranchi,Khunti,Brinjal,Other,28/02/2020,1600,2000,1800
Jharkhand,Ranchi,Khunti,Brinjal,Other,29/02/2020,2000,2400,2200
Jharkhand,Ranchi,Khunti,Brinjal,Other,04/03/2020,2400,2800,2600
Jharkhand,Ranchi,Khunti,Brinjal,Other,05/03/2020,1800,2200,2000
Jharkhand,Ranchi,Khunti,Brinjal,Other,06/03/2020,2400,2800,2600
Jharkhand,Ranchi,Khunti,Brinjal,Other,08/03/2020,2400,2800,2600
Jharkhand,Ranchi,Khunti,Brinjal,Other,11/03/2020,2000,2400,2200
Jharkhand,Ranchi,Khunti,Brinjal,Other,12/03/2020,2450,2850,2650
Jharkhand,Ranchi,Khunti,Brinjal,Other,13/03/2020,2400,2600,2500
Jharkhand,Ranchi,Khunti,Brinjal,Other,14/03/2020,1600,1800,1700
Jharkhand,Ranchi,Khunti,Brinjal,Other,15/03/2020,1300,1700,1500
Jharkhand,Ranchi,Khunti,Brinjal,Other,17/03/2020,1800,2000,1900
Jharkhand,Ranchi,Khunti,Brinjal,Other,20/03/2020,1600,1800,1700
Jharkhand,Ranchi,Khunti,Brinjal,Other,21/03/2020,2600,3000,2800
Jharkhand,Ranchi,Khunti,Brinjal,Other,22/03/2020,2000,2200,2100
Jharkhand,Ranchi,Khunti,Brinjal,Other,26/03/2020,2200,2600,2400
Jharkhand,Ranchi,Khunti,Brinjal,Other,27/03/2020,2800,3200,3000
Jharkhand,Ranchi,Khunti,Brinjal,Other,28/03/2020,1650,2050,1850
Jharkhand,Ranchi,Khunti,Brinjal,Other,29/03/2020,2800,3200,3000
Jharkhand,Ranchi,Khunti,Brinjal,Other,31/03/2020,2400,2800,2600
Jharkhand,Ranchi,Khunti,Brinjal,Other,01/04/2020,1850,2250,2050
Jharkhand,Ranchi,Khunti,Brinjal,Other,03/04/2020,2600,2800,2700
Jharkhand,Ranchi,Khunti,Brinjal,Other,04/04/2020,1800,2200,2000
Jharkhand,Ranchi,Khunti,Brinjal,Other,06/04/2020,1200,1600,1400
Jharkhand,Ranchi,Khunti,Brinjal,Other,07/04/2020,1600,2000,1800
Jharkhand,Ranchi,Khunti,Brinjal,Other,09/04/2020,1600,1800,1700
Jharkhand,Ranchi,Khunti,Brinjal,Other,10/04/2020,1450,1850,1650
Jharkhand,Ranchi,Khunti,Brinjal,Other,13/04/2020,1400,1800,1600
Karnataka,Bangalore,Channapatana,Brinjal,Brinjal,20/02/2020,900,1100,1000
Karnataka,Bangalore,Channapatana,Brinjal,Brinjal,21/02/2020,900,1100,1000
Karnataka,Bangalore,Channapatana,Brinjal,Brinjal,22/02/2020,900,1100,1000
Karnataka,Bangalore,Channapatana,Brinjal,Brinjal,24/02/2020,1000,1200,1100
Karnataka,Bangalore,Channapatana,Brinjal,Brinjal,25/02/2020,800,1000,900
Karnataka,Bangalore,Channapatana,Brinjal,Brinjal,26/02/2020,800,1000,900
Karnataka,Bangalore,Channapatana,Brinjal,Brinjal,27/02/2020,800,1000,900
Karnataka,Bangalore,Channapatana,Brinjal,Brinjal,28/02/2020,700,1000,900
Karnataka,Bangalore,Channapatana,Brinjal,Brinjal,29/02/2020,800,1000,900
Karnataka,Bangalore,Channapatana,Brinjal,Brinjal,02/03/2020,700,900,800
Karnataka,Bangalore,Channapatana,Brinjal,Brinjal,03/03/2020,600,800,700
Karnataka,Bangalore,Channapatana,Brinjal,Brinjal,04/03/2020,500,700,600
Karnataka,Bangalore,Channapatana,Brinjal,Brinjal,05/03/2020,800,1000,900
Karnataka,Bangalore,Channapatana,Brinjal,Brinjal,06/03/2020,600,800,700
Karnataka,Bangalore,Channapatana,Brinjal,Brinjal,07/03/2020,600,800,700
Karnataka,Bangalore,Channapatana,Brinjal,Brinjal,10/03/2020,800,1000,900
Karnataka,Bangalore,Channapatana,Brinjal,Brinjal,11/03/2020,400,800,600
Karnataka,Bangalore,Channapatana,Brinjal,Brinjal,12/03/2020,600,1000,800
Karnataka,Bangalore,Channapatana,Brinjal,Brinjal,13/03/2020,500,800,650
Karnataka,Bangalore,Channapatana,Brinjal,Brinjal,14/03/2020,800,1000,900
Karnataka,Bangalore,Channapatana,Brinjal,Brinjal,17/03/2020,800,1000,900
Karnataka,Bangalore,Channapatana,Brinjal,Brinjal,18/03/2020,800,1000,900
Karnataka,Bangalore,Channapatana,Brinjal,Brinjal,19/03/2020,800,1000,900
Karnataka,Bangalore,Channapatana,Brinjal,Brinjal,20/03/2020,700,900,800
Karnataka,Bangalore,Channapatana,Brinjal,Brinjal,21/03/2020,800,1000,900
Karnataka,Bangalore,Channapatana,Brinjal,Brinjal,23/03/2020,800,1000,900
Karnataka,Bangalore,Channapatana,Brinjal,Brinjal,24/03/2020,900,1100,1000
Karnataka,Bangalore,Channapatana,Brinjal,Brinjal,25/03/2020,800,1100,1000
Karnataka,Bangalore,Channapatana,Brinjal,Brinjal,27/03/2020,1000,1200,1100
Karnataka,Bangalore,Channapatana,Brinjal,Brinjal,28/03/2020,800,1000,900
Karnataka,Bangalore,Channapatana,Brinjal,Brinjal,29/03/2020,800,1000,900
Karnataka,Bangalore,Channapatana,Brinjal,Brinjal,30/03/2020,1000,1300,1200
Karnataka,Bangalore,Channapatana,Brinjal,Brinjal,31/03/2020,1000,1500,1400
Karnataka,Bangalore,Channapatana,Brinjal,Brinjal,01/04/2020,1400,1800,1500
Karnataka,Bangalore,Channapatana,Brinjal,Brinjal,02/04/2020,1500,1800,1600
Karnataka,Bangalore,Channapatana,Brinjal,Brinjal,03/04/2020,1500,2000,1800
Karnataka,Bangalore,Channapatana,Brinjal,Brinjal,04/04/2020,1500,2100,1800
Karnataka,Bangalore,Channapatana,Brinjal,Brinjal,05/04/2020,1400,1800,1600
Karnataka,Bangalore,Channapatana,Brinjal,Brinjal,06/04/2020,1500,2000,1800
Karnataka,Bangalore,Channapatana,Brinjal,Brinjal,07/04/2020,1200,1600,1400
Karnataka,Bangalore,Channapatana,Brinjal,Brinjal,08/04/2020,1200,1600,1400
Karnataka,Bangalore,Channapatana,Brinjal,Brinjal,09/04/2020,1200,1600,1400
Karnataka,Bangalore,Channapatana,Brinjal,Brinjal,10/04/2020,1200,1600,1400
Karnataka,Bangalore,Channapatana,Brinjal,Brinjal,11/04/2020,1200,1500,1300
Karnataka,Bangalore,Channapatana,Brinjal,Brinjal,12/04/2020,1100,1500,1300
Karnataka,Bangalore,Channapatana,Brinjal,Brinjal,13/04/2020,1100,1500,1300
Karnataka,Bangalore,Channapatana,Brinjal,Brinjal,14/04/2020,1000,1300,1100
Karnataka,Bangalore,Channapatana,Brinjal,Brinjal,15/04/2020,900,1200,1100
Kerala,Alappuzha,Kayamkulam,Brinjal,Other,20/02/2020,2800,3000,2900
Kerala,Alappuzha,Kayamkulam,Brinjal,Other,21/02/2020,2800,3000,2900
Kerala,Alappuzha,Kayamkulam,Brinjal,Other,22/02/2020,2700,2900,2800
Kerala,Alappuzha,Kayamkulam,Brinjal,Other,23/02/2020,2300,2500,2400
Kerala,Alappuzha,Kayamkulam,Brinjal,Other,24/02/2020,2100,2300,2200
Kerala,Alappuzha,Kayamkulam,Brinjal,Other,25/02/2020,2200,2400,2300
Kerala,Alappuzha,Kayamkulam,Brinjal,Other,26/02/2020,2100,2300,2200
Kerala,Alappuzha,Kayamkulam,Brinjal,Other,28/02/2020,1900,2100,2000
Kerala,Alappuzha,Kayamkulam,Brinjal,Other,01/03/2020,2000,2200,2100
Kerala,Alappuzha,Kayamkulam,Brinjal,Other,02/03/2020,2100,2300,2200
Kerala,Alappuzha,Kayamkulam,Brinjal,Other,03/03/2020,2100,2300,2200
Kerala,Alappuzha,Kayamkulam,Brinjal,Other,04/03/2020,2100,2300,2200
Kerala,Alappuzha,Kayamkulam,Brinjal,Other,05/03/2020,2100,2300,2200
Kerala,Alappuzha,Kayamkulam,Brinjal,Other,06/03/2020,2100,2300,2200
Kerala,Alappuzha,Kayamkulam,Brinjal,Other,07/03/2020,2100,2300,2200
Kerala,Alappuzha,Kayamkulam,Brinjal,Other,08/03/2020,2200,2400,2300
Kerala,Alappuzha,Kayamkulam,Brinjal,Other,09/03/2020,2100,2300,2200
Kerala,Alappuzha,Kayamkulam,Brinjal,Other,10/03/2020,2100,2300,2200
Kerala,Alappuzha,Kayamkulam,Brinjal,Other,11/03/2020,2300,2500,2400
Kerala,Alappuzha,Kayamkulam,Brinjal,Other,12/03/2020,2700,2900,2800
Kerala,Alappuzha,Kayamkulam,Brinjal,Other,13/03/2020,2700,2900,2800
Kerala,Alappuzha,Kayamkulam,Brinjal,Other,14/03/2020,2500,2700,2600
Kerala,Alappuzha,Kayamkulam,Brinjal,Other,15/03/2020,2300,2500,2400
Kerala,Alappuzha,Kayamkulam,Brinjal,Other,16/03/2020,2100,2300,2200
Kerala,Alappuzha,Kayamkulam,Brinjal,Other,17/03/2020,2100,2300,2200
Kerala,Alappuzha,Kayamkulam,Brinjal,Other,18/03/2020,2000,2200,2100
Kerala,Alappuzha,Kayamkulam,Brinjal,Other,19/03/2020,1900,2100,2000
Kerala,Alappuzha,Kayamkulam,Brinjal,Other,20/03/2020,2200,2400,2300
Kerala,Alappuzha,Kayamkulam,Brinjal,Other,21/03/2020,1900,2100,2000
Kerala,Alappuzha,Kayamkulam,Brinjal,Other,22/03/2020,2000,2200,2100
Kerala,Alappuzha,Kayamkulam,Brinjal,Other,23/03/2020,2000,2200,2100
Kerala,Alappuzha,Kayamkulam,Brinjal,Other,24/03/2020,2200,2400,2300
Kerala,Alappuzha,Kayamkulam,Brinjal,Other,25/03/2020,2400,2600,2500
Kerala,Alappuzha,Kayamkulam,Brinjal,Other,29/03/2020,3100,3300,3200
Kerala,Alappuzha,Kayamkulam,Brinjal,Other,30/03/2020,3300,3500,3400
Kerala,Alappuzha,Kayamkulam,Brinjal,Other,31/03/2020,3200,3400,3300
Kerala,Alappuzha,Kayamkulam,Brinjal,Other,01/04/2020,2900,3100,3000
Kerala,Alappuzha,Kayamkulam,Brinjal,Other,02/04/2020,2900,3100,3000
Kerala,Alappuzha,Kayamkulam,Brinjal,Other,03/04/2020,2900,3100,3000
Kerala,Alappuzha,Kayamkulam,Brinjal,Other,04/04/2020,3100,3300,3200
Kerala,Alappuzha,Kayamkulam,Brinjal,Other,05/04/2020,2900,3100,3000
Kerala,Alappuzha,Kayamkulam,Brinjal,Other,06/04/2020,2900,3100,3000
Kerala,Alappuzha,Kayamkulam,Brinjal,Other,07/04/2020,2900,3100,3000
Kerala,Alappuzha,Kayamkulam,Brinjal,Other,08/04/2020,2900,3100,3000
Kerala,Alappuzha,Kayamkulam,Brinjal,Other,10/04/2020,2900,3100,3000
Kerala,Alappuzha,Kayamkulam,Brinjal,Other,11/04/2020,3100,3300,3200
Kerala,Alappuzha,Kayamkulam,Brinjal,Other,12/04/2020,2900,3100,3000
Kerala,Alappuzha,Kayamkulam,Brinjal,Other,13/04/2020,3200,3400,3300
Kerala,Alappuzha,Kayamkulam,Brinjal,Other,14/04/2020,3100,3300,3200
Kerala,Alappuzha,Kayamkulam,Brinjal,Other,15/04/2020,3100,3300,3200
Madhya Pradesh,Ujjain,Ujjain(F&V),Brinjal,Brinjal,20/02/2020,950,1850,1246
Madhya Pradesh,Ujjain,Ujjain(F&V),Brinjal,Brinjal,21/02/2020,900,1800,1340
Madhya Pradesh,Ujjain,Ujjain(F&V),Brinjal,Brinjal,22/02/2020,950,1950,1321
Madhya Pradesh,Ujjain,Ujjain(F&V),Brinjal,Brinjal,23/02/2020,950,1900,1322
Madhya Pradesh,Ujjain,Ujjain(F&V),Brinjal,Brinjal,24/02/2020,900,1800,1320
Madhya Pradesh,Ujjain,Ujjain(F&V),Brinjal,Brinjal,25/02/2020,900,1800,1311
Madhya Pradesh,Ujjain,Ujjain(F&V),Brinjal,Brinjal,26/02/2020,950,1850,1350
Madhya Pradesh,Ujjain,Ujjain(F&V),Brinjal,Brinjal,27/02/2020,900,1900,1355
Madhya Pradesh,Ujjain,Ujjain(F&V),Brinjal,Brinjal,28/02/2020,900,2000,1455
Madhya Pradesh,Ujjain,Ujjain(F&V),Brinjal,Brinjal,29/02/2020,950,2000,1450
Madhya Pradesh,Ujjain,Ujjain(F&V),Brinjal,Brinjal,01/03/2020,950,1850,1356
Madhya Pradesh,Ujjain,Ujjain(F&V),Brinjal,Brinjal,02/03/2020,950,1950,1350
Madhya Pradesh,Ujjain,Ujjain(F&V),Brinjal,Brinjal,03/03/2020,900,1900,1310
Madhya Pradesh,Ujjain,Ujjain(F&V),Brinjal,Brinjal,05/03/2020,900,1900,1410
Madhya Pradesh,Ujjain,Ujjain(F&V),Brinjal,Brinjal,06/03/2020,950,2050,1550
Madhya Pradesh,Ujjain,Ujjain(F&V),Brinjal,Brinjal,07/03/2020,900,2000,1640
Madhya Pradesh,Ujjain,Ujjain(F&V),Brinjal,Brinjal,08/03/2020,900,2300,1520
Madhya Pradesh,Ujjain,Ujjain(F&V),Brinjal,Brinjal,09/03/2020,900,2400,1619
Madhya Pradesh,Ujjain,Ujjain(F&V),Brinjal,Brinjal,11/03/2020,950,2050,1460
Madhya Pradesh,Ujjain,Ujjain(F&V),Brinjal,Brinjal,12/03/2020,950,2050,1410
Madhya Pradesh,Ujjain,Ujjain(F&V),Brinjal,Brinjal,13/03/2020,950,2050,1450
Madhya Pradesh,Ujjain,Ujjain(F&V),Brinjal,Brinjal,15/03/2020,900,1800,1213
Madhya Pradesh,Ujjain,Ujjain(F&V),Brinjal,Brinjal,16/03/2020,950,1950,1229
Madhya Pradesh,Ujjain,Ujjain(F&V),Brinjal,Brinjal,17/03/2020,950,1950,1230
Madhya Pradesh,Ujjain,Ujjain(F&V),Brinjal,Brinjal,18/03/2020,900,1800,1320
Madhya Pradesh,Ujjain,Ujjain(F&V),Brinjal,Brinjal,19/03/2020,900,1900,1340
Madhya Pradesh,Ujjain,Ujjain(F&V),Brinjal,Brinjal,20/03/2020,900,1800,1420
Madhya Pradesh,Ujjain,Ujjain(F&V),Brinjal,Brinjal,21/03/2020,900,1800,1450
Madhya Pradesh,Ujjain,Ujjain(F&V),Brinjal,Brinjal,23/03/2020,950,1950,1466
Madhya Pradesh,Ujjain,Ujjain(F&V),Brinjal,Brinjal,24/03/2020,1000,2500,1652
Madhya Pradesh,Ujjain,Ujjain(F&V),Brinjal,Brinjal,25/03/2020,1000,2000,1645
Madhya Pradesh,Ujjain,Ujjain(F&V),Brinjal,Brinjal,26/03/2020,1500,2500,1850
Madhya Pradesh,Ujjain,Ujjain(F&V),Brinjal,Brinjal,27/03/2020,1500,2500,1955
Madhya Pradesh,Ujjain,Ujjain(F&V),Brinjal,Brinjal,28/03/2020,1500,2500,1955
Madhya Pradesh,Ujjain,Ujjain(F&V),Brinjal,Brinjal,29/03/2020,1500,2500,1835
Madhya Pradesh,Ujjain,Ujjain(F&V),Brinjal,Brinjal,30/03/2020,1500,2500,1955
Madhya Pradesh,Ujjain,Ujjain(F&V),Brinjal,Brinjal,31/03/2020,1500,2500,1842
Madhya Pradesh,Ujjain,Ujjain(F&V),Brinjal,Brinjal,01/04/2020,1500,2500,1811
Madhya Pradesh,Ujjain,Ujjain(F&V),Brinjal,Brinjal,02/04/2020,1500,2500,1950
Madhya Pradesh,Ujjain,Ujjain(F&V),Brinjal,Brinjal,03/04/2020,1500,2500,1841
Madhya Pradesh,Ujjain,Ujjain(F&V),Brinjal,Brinjal,04/04/2020,1500,2500,1955
Madhya Pradesh,Ujjain,Ujjain(F&V),Brinjal,Brinjal,05/04/2020,1500,2500,1822
Madhya Pradesh,Ujjain,Ujjain(F&V),Brinjal,Brinjal,06/04/2020,1500,2500,1849
Madhya Pradesh,Ujjain,Ujjain(F&V),Brinjal,Brinjal,07/04/2020,1500,2500,1920
Madhya Pradesh,Ujjain,Ujjain(F&V),Brinjal,Brinjal,08/04/2020,1500,2550,1840
Madhya Pradesh,Ujjain,Ujjain(F&V),Brinjal,Brinjal,09/04/2020,1500,2550,1922
Madhya Pradesh,Ujjain,Ujjain(F&V),Brinjal,Brinjal,10/04/2020,1500,2000,1710
Madhya Pradesh,Ujjain,Ujjain(F&V),Brinjal,Brinjal,11/04/2020,1500,2500,1849
Madhya Pradesh,Ujjain,Ujjain(F&V),Brinjal,Brinjal,12/04/2020,1500,2500,1950
Madhya Pradesh,Ujjain,Ujjain(F&V),Brinjal,Brinjal,13/04/2020,1050,2500,1829
Madhya Pradesh,Ujjain,Ujjain(F&V),Brinjal,Brinjal,14/04/2020,1000,2500,1840
Madhya Pradesh,Ujjain,Ujjain(F&V),Brinjal,Brinjal,15/04/2020,1500,2500,1922
Odisha,Balasore,Jaleswar,Brinjal,Other,20/02/2020,2000,2200,2100
Odisha,Balasore,Jaleswar,Brinjal,Other,21/02/2020,2000,2200,2100
Odisha,Balasore,Jaleswar,Brinjal,Other,22/02/2020,2200,2400,2300
Odisha,Balasore,Jaleswar,Brinjal,Other,23/02/2020,2100,2200,2150
Odisha,Balasore,Jaleswar,Brinjal,Other,24/02/2020,2000,2100,2050
Odisha,Balasore,Jaleswar,Brinjal,Other,25/02/2020,2400,2600,2500
Odisha,Balasore,Jaleswar,Brinjal,Other,26/02/2020,2100,2300,2200
Odisha,Balasore,Jaleswar,Brinjal,Other,27/02/2020,1900,2000,1950
Odisha,Balasore,Jaleswar,Brinjal,Other,28/02/2020,1500,1600,1550
Odisha,Balasore,Jaleswar,Brinjal,Other,29/02/2020,1600,1800,1700
Odisha,Balasore,Jaleswar,Brinjal,Other,02/03/2020,1600,1800,1700
Odisha,Balasore,Jaleswar,Brinjal,Other,03/03/2020,1500,1700,1600
Odisha,Balasore,Jaleswar,Brinjal,Other,04/03/2020,1900,2100,2000
Odisha,Balasore,Jaleswar,Brinjal,Other,07/03/2020,1000,1100,1050
Odisha,Balasore,Jaleswar,Brinjal,Other,08/03/2020,1300,1500,1400
Odisha,Balasore,Jaleswar,Brinjal,Other,09/03/2020,1000,1200,1100
Odisha,Balasore,Jaleswar,Brinjal,Other,10/03/2020,1100,1400,1200
Odisha,Balasore,Jaleswar,Brinjal,Other,11/03/2020,1100,1250,1200
Odisha,Balasore,Jaleswar,Brinjal,Other,12/03/2020,1300,1400,1350
Odisha,Balasore,Jaleswar,Brinjal,Other,14/03/2020,1000,1200,1100
Odisha,Balasore,Jaleswar,Brinjal,Other,15/03/2020,1200,1400,1300
Odisha,Balasore,Jaleswar,Brinjal,Other,16/03/2020,900,1100,1000
Odisha,Balasore,Jaleswar,Brinjal,Other,17/03/2020,500,700,600
Odisha,Balasore,Jaleswar,Brinjal,Other,18/03/2020,600,800,700
Odisha,Balasore,Jaleswar,Brinjal,Other,19/03/2020,600,700,650
Odisha,Balasore,Jaleswar,Brinjal,Other,20/03/2020,500,600,550
Odisha,Balasore,Jaleswar,Brinjal,Other,21/03/2020,700,800,750
Odisha,Balasore,Jaleswar,Brinjal,Other,23/03/2020,1000,1400,1200
Odisha,Balasore,Jaleswar,Brinjal,Other,24/03/2020,1800,2100,2000
Odisha,Balasore,Jaleswar,Brinjal,Other,26/03/2020,1300,1600,1500
Odisha,Balasore,Jaleswar,Brinjal,Other,27/03/2020,1500,1800,1600
Odisha,Balasore,Jaleswar,Brinjal,Other,28/03/2020,900,1100,1000
Odisha,Balasore,Jaleswar,Brinjal,Other,29/03/2020,900,1100,1000
Odisha,Balasore,Jaleswar,Brinjal,Other,30/03/2020,1000,1200,1100
Odisha,Balasore,Jaleswar,Brinjal,Other,31/03/2020,1000,1500,1200
Odisha,Balasore,Jaleswar,Brinjal,Other,01/04/2020,1000,1200,1100
Odisha,Balasore,Jaleswar,Brinjal,Other,02/04/2020,1600,2000,1800
Odisha,Balasore,Jaleswar,Brinjal,Other,03/04/2020,1300,1600,1500
Odisha,Balasore,Jaleswar,Brinjal,Other,04/04/2020,900,1100,1000
Odisha,Balasore,Jaleswar,Brinjal,Other,05/04/2020,1000,1100,1050
Odisha,Balasore,Jaleswar,Brinjal,Other,06/04/2020,1000,1200,1100
Odisha,Balasore,Jaleswar,Brinjal,Other,07/04/2020,1000,1100,1050
Odisha,Balasore,Jaleswar,Brinjal,Other,08/04/2020,1200,1400,1300
Odisha,Balasore,Jaleswar,Brinjal,Other,09/04/2020,900,1050,1000
Odisha,Balasore,Jaleswar,Brinjal,Other,10/04/2020,800,1000,900
Odisha,Balasore,Jaleswar,Brinjal,Other,11/04/2020,1200,1400,1300
Odisha,Balasore,Jaleswar,Brinjal,Other,12/04/2020,1300,1400,1350
Odisha,Balasore,Jaleswar,Brinjal,Other,13/04/2020,1250,1350,1300
Odisha,Balasore,Jaleswar,Brinjal,Other,14/04/2020,1000,1200,1100
Odisha,Balasore,Jaleswar,Brinjal,Other,15/04/2020,1100,1300,1200
Punjab,Patiala,Patiala,Brinjal,Brinjal,20/02/2020,1200,1700,1400
Punjab,Patiala,Patiala,Brinjal,Brinjal,21/02/2020,1000,1700,1500
Punjab,Patiala,Patiala,Brinjal,Brinjal,22/02/2020,1300,1700,1500
Punjab,Patiala,Patiala,Brinjal,Brinjal,24/02/2020,1200,1700,1400
Punjab,Patiala,Patiala,Brinjal,Brinjal,25/02/2020,1000,1500,1200
Punjab,Patiala,Patiala,Brinjal,Brinjal,26/02/2020,1000,1500,1200
Punjab,Patiala,Patiala,Brinjal,Brinjal,27/02/2020,1000,1500,1200
Punjab,Patiala,Patiala,Brinjal,Brinjal,28/02/2020,1000,1500,1200
Punjab,Patiala,Patiala,Brinjal,Brinjal,29/02/2020,1000,1500,1200
Punjab,Patiala,Patiala,Brinjal,Brinjal,03/03/2020,700,1400,1200
Punjab,Patiala,Patiala,Brinjal,Brinjal,04/03/2020,800,1500,1300
Punjab,Patiala,Patiala,Brinjal,Brinjal,05/03/2020,800,1500,1200
Punjab,Patiala,Patiala,Brinjal,Brinjal,06/03/2020,1000,1600,1300
Punjab,Patiala,Patiala,Brinjal,Brinjal,07/03/2020,1000,1500,1200
Punjab,Patiala,Patiala,Brinjal,Brinjal,09/03/2020,1000,1800,1400
Punjab,Patiala,Patiala,Brinjal,Brinjal,10/03/2020,1200,1700,1500
Punjab,Patiala,Patiala,Brinjal,Brinjal,11/03/2020,1200,1600,1400
Punjab,Patiala,Patiala,Brinjal,Brinjal,12/03/2020,1200,1600,1400
Punjab,Patiala,Patiala,Brinjal,Brinjal,13/03/2020,1200,1500,1300
Punjab,Patiala,Patiala,Brinjal,Brinjal,14/03/2020,1200,1600,1400
Punjab,Patiala,Patiala,Brinjal,Brinjal,16/03/2020,1200,1600,1400
Punjab,Patiala,Patiala,Brinjal,Brinjal,17/03/2020,1000,1600,1400
Punjab,Patiala,Patiala,Brinjal,Brinjal,18/03/2020,1200,1600,1400
Punjab,Patiala,Patiala,Brinjal,Brinjal,20/03/2020,1200,1800,1300
Punjab,Patiala,Patiala,Brinjal,Brinjal,21/03/2020,1200,1800,1400
Punjab,Patiala,Patiala,Brinjal,Brinjal,26/03/2020,1500,1900,1700
Punjab,Patiala,Patiala,Brinjal,Brinjal,27/03/2020,1000,2000,1500
Punjab,Patiala,Patiala,Brinjal,Brinjal,28/03/2020,1000,2000,1500
Punjab,Patiala,Patiala,Brinjal,Brinjal,29/03/2020,1000,1600,1400
Punjab,Patiala,Patiala,Brinjal,Brinjal,30/03/2020,1000,1500,1200
Punjab,Patiala,Patiala,Brinjal,Brinjal,02/04/2020,1000,1500,1200
Punjab,Patiala,Patiala,Brinjal,Brinjal,03/04/2020,1000,1400,1200
Punjab,Patiala,Patiala,Brinjal,Brinjal,04/04/2020,1000,1400,1200
Punjab,Patiala,Patiala,Brinjal,Brinjal,06/04/2020,1000,1400,1200
Punjab,Patiala,Patiala,Brinjal,Brinjal,08/04/2020,1200,1600,1400
Punjab,Patiala,Patiala,Brinjal,Brinjal,10/04/2020,1200,1600,1400
Punjab,Patiala,Patiala,Brinjal,Brinjal,14/04/2020,900,1200,1100
Punjab,Patiala,Patiala,Brinjal,Brinjal,15/04/2020,800,1200,1000
Rajasthan,Alwar,Alwar(FV),Brinjal,Other,22/02/2020,1200,1500,1350
Rajasthan,Alwar,Alwar(FV),Brinjal,Other,23/02/2020,1300,1500,1400
Rajasthan,Alwar,Alwar(FV),Brinjal,Other,24/02/2020,1300,1600,1450
Rajasthan,Alwar,Alwar(FV),Brinjal,Other,25/02/2020,1300,1500,1400
Rajasthan,Alwar,Alwar(FV),Brinjal,Other,26/02/2020,1400,1600,1500
Rajasthan,Alwar,Alwar(FV),Brinjal,Other,27/02/2020,1400,1700,1550
Rajasthan,Alwar,Alwar(FV),Brinjal,Other,28/02/2020,1300,1600,1450
Rajasthan,Alwar,Alwar(FV),Brinjal,Other,29/02/2020,1400,1600,1500
Rajasthan,Alwar,Alwar(FV),Brinjal,Other,01/03/2020,1300,1600,1450
Rajasthan,Alwar,Alwar(FV),Brinjal,Other,02/03/2020,1400,1700,1550
Rajasthan,Alwar,Alwar(FV),Brinjal,Other,03/03/2020,1500,1600,1550
Rajasthan,Alwar,Alwar(FV),Brinjal,Other,04/03/2020,1400,1600,1500
Rajasthan,Alwar,Alwar(FV),Brinjal,Other,05/03/2020,1200,1600,1400
Rajasthan,Alwar,Alwar(FV),Brinjal,Other,08/03/2020,1200,1600,1400
Rajasthan,Alwar,Alwar(FV),Brinjal,Other,09/03/2020,1200,1800,1500
Rajasthan,Alwar,Alwar(FV),Brinjal,Other,11/03/2020,1200,1600,1400
Rajasthan,Alwar,Alwar(FV),Brinjal,Other,13/03/2020,1200,1800,1500
Rajasthan,Alwar,Alwar(FV),Brinjal,Other,14/03/2020,1400,1800,1600
Rajasthan,Alwar,Alwar(FV),Brinjal,Other,15/03/2020,1300,1700,1500
Rajasthan,Alwar,Alwar(FV),Brinjal,Other,16/03/2020,1300,1800,1550
Rajasthan,Alwar,Alwar(FV),Brinjal,Other,17/03/2020,1000,1500,1250
Rajasthan,Alwar,Alwar(FV),Brinjal,Other,18/03/2020,1000,1400,1200
Rajasthan,Alwar,Alwar(FV),Brinjal,Other,19/03/2020,1000,1400,1200
Rajasthan,Alwar,Alwar(FV),Brinjal,Other,24/03/2020,1300,1500,1400
Rajasthan,Alwar,Alwar(FV),Brinjal,Other,25/03/2020,1200,1400,1300
Rajasthan,Alwar,Alwar(FV),Brinjal,Other,26/03/2020,1100,1400,1250
Rajasthan,Alwar,Alwar(FV),Brinjal,Other,27/03/2020,1200,1400,1300
Rajasthan,Alwar,Alwar(FV),Brinjal,Other,28/03/2020,1000,1400,1200
Rajasthan,Alwar,Alwar(FV),Brinjal,Other,29/03/2020,800,1200,1000
Rajasthan,Alwar,Alwar(FV),Brinjal,Other,30/03/2020,700,1100,900
Rajasthan,Alwar,Alwar(FV),Brinjal,Other,31/03/2020,700,1000,850
Rajasthan,Alwar,Alwar(FV),Brinjal,Other,01/04/2020,800,1200,1000
Rajasthan,Alwar,Alwar(FV),Brinjal,Other,02/04/2020,900,1200,1050
Rajasthan,Alwar,Alwar(FV),Brinjal,Other,03/04/2020,900,1200,1050
Rajasthan,Alwar,Alwar(FV),Brinjal,Other,04/04/2020,800,1100,950
Rajasthan,Alwar,Alwar(FV),Brinjal,Other,05/04/2020,700,1000,850
Rajasthan,Alwar,Alwar(FV),Brinjal,Other,09/04/2020,700,1200,1000
Rajasthan,Alwar,Alwar(FV),Brinjal,Other,10/04/2020,800,1100,1000
Rajasthan,Alwar,Alwar(FV),Brinjal,Other,11/04/2020,800,1100,1000
Rajasthan,Alwar,Alwar(FV),Brinjal,Other,13/04/2020,1100,1400,1200
Rajasthan,Alwar,Alwar(FV),Brinjal,Other,14/04/2020,1100,1400,1200
Rajasthan,Alwar,Alwar(FV),Brinjal,Other,15/04/2020,1100,1400,1200
Tripura,Dhalai,Chowmanu,Brinjal,Round/Long,20/02/2020,2500,3000,2750
Tripura,Dhalai,Chowmanu,Brinjal,Round/Long,21/02/2020,2500,3000,2750
Tripura,Dhalai,Chowmanu,Brinjal,Round/Long,22/02/2020,1800,2000,1900
Tripura,Dhalai,Chowmanu,Brinjal,Round/Long,23/02/2020,1800,2000,1900
Tripura,Dhalai,Chowmanu,Brinjal,Round/Long,24/02/2020,1800,2000,1900
Tripura,Dhalai,Chowmanu,Brinjal,Round/Long,25/02/2020,1800,2000,1900
Tripura,Dhalai,Chowmanu,Brinjal,Round/Long,26/02/2020,1800,2000,1900
Tripura,Dhalai,Chowmanu,Brinjal,Round/Long,27/02/2020,1800,2000,1900
Tripura,Dhalai,Chowmanu,Brinjal,Round/Long,28/02/2020,1500,2000,1750
Tripura,Dhalai,Chowmanu,Brinjal,Round/Long,29/02/2020,1500,2000,1750
Tripura,Dhalai,Chowmanu,Brinjal,Round/Long,01/03/2020,1500,1700,1600
Tripura,Dhalai,Chowmanu,Brinjal,Round/Long,02/03/2020,1500,2000,1750
Tripura,Dhalai,Chowmanu,Brinjal,Round/Long,03/03/2020,1500,1700,1600
Tripura,Dhalai,Chowmanu,Brinjal,Round/Long,05/03/2020,1500,1700,1600
Tripura,Dhalai,Chowmanu,Brinjal,Round/Long,06/03/2020,1500,1700,1600
Tripura,Dhalai,Chowmanu,Brinjal,Round/Long,07/03/2020,1800,2000,1900
Tripura,Dhalai,Chowmanu,Brinjal,Round/Long,08/03/2020,1800,2000,1900
Tripura,Dhalai,Chowmanu,Brinjal,Round/Long,09/03/2020,1800,2000,1900
Tripura,Dhalai,Chowmanu,Brinjal,Round/Long,10/03/2020,1800,2000,1900
Tripura,Dhalai,Chowmanu,Brinjal,Round/Long,11/03/2020,1800,2000,1900
Tripura,Dhalai,Chowmanu,Brinjal,Round/Long,12/03/2020,1800,2000,1900
Tripura,Dhalai,Chowmanu,Brinjal,Round/Long,13/03/2020,1800,2000,1900
Tripura,Dhalai,Chowmanu,Brinjal,Round/Long,14/03/2020,1800,2000,1900
Tripura,Dhalai,Chowmanu,Brinjal,Round/Long,15/03/2020,1500,1700,1600
Tripura,Dhalai,Chowmanu,Brinjal,Round/Long,16/03/2020,1500,1700,1600
Tripura,Dhalai,Chowmanu,Brinjal,Round/Long,17/03/2020,1600,1800,1700
Tripura,Dhalai,Chowmanu,Brinjal,Round/Long,18/03/2020,1500,1700,1600
Tripura,Dhalai,Chowmanu,Brinjal,Round/Long,19/03/2020,1500,1700,1600
Tripura,Dhalai,Chowmanu,Brinjal,Round/Long,20/03/2020,1500,1700,1600
Tripura,Dhalai,Chowmanu,Brinjal,Round/Long,21/03/2020,1500,1700,1600
Tripura,Dhalai,Chowmanu,Brinjal,Round/Long,22/03/2020,1500,1700,1600
Tripura,Dhalai,Chowmanu,Brinjal,Round/Long,23/03/2020,1500,1700,1600
Tripura,Dhalai,Chowmanu,Brinjal,Round/Long,25/03/2020,1800,2000,1900
Tripura,Dhalai,Chowmanu,Brinjal,Round/Long,26/03/2020,1800,2000,1900
Tripura,Dhalai,Chowmanu,Brinjal,Round/Long,27/03/2020,1800,2000,1900
Tripura,Dhalai,Chowmanu,Brinjal,Round/Long,28/03/2020,2500,3000,2750
Tripura,Dhalai,Chowmanu,Brinjal,Round/Long,29/03/2020,1800,2000,1900
Tripura,Dhalai,Chowmanu,Brinjal,Round/Long,30/03/2020,1800,2000,1900
Tripura,Dhalai,Chowmanu,Brinjal,Round/Long,31/03/2020,1800,2000,1900
Tripura,Dhalai,Chowmanu,Brinjal,Round/Long,01/04/2020,1800,2000,1900
Tripura,Dhalai,Chowmanu,Brinjal,Round/Long,02/04/2020,1800,2000,1900
Tripura,Dhalai,Chowmanu,Brinjal,Round/Long,03/04/2020,2000,2500,2250
Tripura,Dhalai,Chowmanu,Brinjal,Round/Long,04/04/2020,1800,2000,1900
Tripura,Dhalai,Chowmanu,Brinjal,Round/Long,05/04/2020,2000,3000,2500
Tripura,Dhalai,Chowmanu,Brinjal,Round/Long,06/04/2020,2000,3000,2500
Tripura,Dhalai,Chowmanu,Brinjal,Round/Long,07/04/2020,2000,3000,2500
Tripura,Dhalai,Chowmanu,Brinjal,Round/Long,08/04/2020,2000,3000,2500
Tripura,Dhalai,Chowmanu,Brinjal,Round/Long,09/04/2020,1800,2000,1900
Tripura,Dhalai,Chowmanu,Brinjal,Round/Long,10/04/2020,1800,2000,1900
Tripura,Dhalai,Chowmanu,Brinjal,Round/Long,11/04/2020,2000,3000,2500
Tripura,Dhalai,Chowmanu,Brinjal,Round/Long,12/04/2020,2000,3000,2500
Tripura,Dhalai,Chowmanu,Brinjal,Round/Long,13/04/2020,2000,3000,2500
Tripura,Dhalai,Chowmanu,Brinjal,Round/Long,14/04/2020,2000,3000,2500
Tripura,Dhalai,Chowmanu,Brinjal,Round/Long,15/04/2020,2000,3000,2500
Uttar Pradesh,Agra,Achnera,Brinjal,Brinjal,21/02/2020,1250,1350,1300
Uttar Pradesh,Agra,Achnera,Brinjal,Brinjal,22/02/2020,1240,1320,1280
Uttar Pradesh,Agra,Achnera,Brinjal,Brinjal,23/02/2020,1200,1300,1250
Uttar Pradesh,Agra,Achnera,Brinjal,Brinjal,24/02/2020,1200,1300,1250
Uttar Pradesh,Agra,Achnera,Brinjal,Brinjal,25/02/2020,1240,1320,1280
Uttar Pradesh,Agra,Achnera,Brinjal,Brinjal,26/02/2020,1200,1300,1250
Uttar Pradesh,Agra,Achnera,Brinjal,Brinjal,28/02/2020,1220,1300,1260
Uttar Pradesh,Agra,Achnera,Brinjal,Brinjal,29/02/2020,1300,1400,1350
Uttar Pradesh,Agra,Achnera,Brinjal,Brinjal,01/03/2020,1400,1500,1450
Uttar Pradesh,Agra,Achnera,Brinjal,Brinjal,02/03/2020,1450,1550,1500
Uttar Pradesh,Agra,Achnera,Brinjal,Brinjal,03/03/2020,1450,1550,1500
Uttar Pradesh,Agra,Achnera,Brinjal,Brinjal,04/03/2020,1450,1550,1500
Uttar Pradesh,Agra,Achnera,Brinjal,Brinjal,06/03/2020,1350,1450,1400
Uttar Pradesh,Agra,Achnera,Brinjal,Brinjal,07/03/2020,1300,1400,1350
Uttar Pradesh,Agra,Achnera,Brinjal,Brinjal,08/03/2020,1300,1400,1350
Uttar Pradesh,Agra,Achnera,Brinjal,Brinjal,09/03/2020,1300,1400,1350
Uttar Pradesh,Agra,Achnera,Brinjal,Brinjal,13/03/2020,1380,1480,1430
Uttar Pradesh,Agra,Achnera,Brinjal,Brinjal,14/03/2020,1350,1450,1400
Uttar Pradesh,Agra,Achnera,Brinjal,Brinjal,15/03/2020,1350,1450,1400
Uttar Pradesh,Agra,Achnera,Brinjal,Brinjal,16/03/2020,1350,1450,1400
Uttar Pradesh,Agra,Achnera,Brinjal,Brinjal,17/03/2020,1300,1400,1350
Uttar Pradesh,Agra,Achnera,Brinjal,Brinjal,18/03/2020,1300,1400,1350
Uttar Pradesh,Agra,Achnera,Brinjal,Brinjal,20/03/2020,1200,1300,1250
Uttar Pradesh,Agra,Achnera,Brinjal,Brinjal,21/03/2020,1200,1300,1250
Uttar Pradesh,Agra,Achnera,Brinjal,Brinjal,23/03/2020,1200,1300,1250
Uttar Pradesh,Agra,Achnera,Brinjal,Brinjal,24/03/2020,1150,1250,1200
Uttar Pradesh,Agra,Achnera,Brinjal,Brinjal,25/03/2020,1200,1300,1250
Uttar Pradesh,Agra,Achnera,Brinjal,Brinjal,27/03/2020,1350,1450,1400
Uttar Pradesh,Agra,Achnera,Brinjal,Brinjal,28/03/2020,1350,1450,1400
Uttar Pradesh,Agra,Achnera,Brinjal,Brinjal,29/03/2020,1350,1450,1400
Uttar Pradesh,Agra,Achnera,Brinjal,Brinjal,30/03/2020,1350,1450,1400
Uttar Pradesh,Agra,Achnera,Brinjal,Brinjal,31/03/2020,1200,1300,1250
Uttar Pradesh,Agra,Achnera,Brinjal,Brinjal,01/04/2020,1150,1250,1200
Uttar Pradesh,Agra,Achnera,Brinjal,Brinjal,03/04/2020,950,1050,1000
Uttar Pradesh,Agra,Achnera,Brinjal,Brinjal,04/04/2020,1000,1100,1050
Uttar Pradesh,Agra,Achnera,Brinjal,Brinjal,05/04/2020,850,950,900
Uttar Pradesh,Agra,Achnera,Brinjal,Brinjal,06/04/2020,800,900,850
Uttar Pradesh,Agra,Achnera,Brinjal,Brinjal,07/04/2020,850,950,900
Uttar Pradesh,Agra,Achnera,Brinjal,Brinjal,08/04/2020,850,950,900
Uttar Pradesh,Agra,Achnera,Brinjal,Brinjal,10/04/2020,800,900,850
Uttar Pradesh,Agra,Achnera,Brinjal,Brinjal,11/04/2020,850,950,900
Uttar Pradesh,Agra,Achnera,Brinjal,Brinjal,12/04/2020,800,900,850
Uttar Pradesh,Agra,Achnera,Brinjal,Brinjal,13/04/2020,850,950,900
Uttar Pradesh,Agra,Achnera,Brinjal,Brinjal,14/04/2020,750,850,800
Uttar Pradesh,Agra,Achnera,Brinjal,Brinjal,15/04/2020,750,850,800
Uttrakhand,Haridwar,Manglaur,Brinjal,Other,20/02/2020,800,1000,900
Uttrakhand,Haridwar,Manglaur,Brinjal,Other,21/02/2020,600,800,700
Uttrakhand,Haridwar,Manglaur,Brinjal,Other,25/02/2020,600,800,700
Uttrakhand,Haridwar,Manglaur,Brinjal,Other,26/02/2020,600,800,700
Uttrakhand,Haridwar,Manglaur,Brinjal,Other,27/02/2020,600,800,700
Uttrakhand,Haridwar,Manglaur,Brinjal,Other,28/02/2020,600,800,700
Uttrakhand,Haridwar,Manglaur,Brinjal,Other,01/03/2020,800,1000,900
Uttrakhand,Haridwar,Manglaur,Brinjal,Other,02/03/2020,600,800,700
Uttrakhand,Haridwar,Manglaur,Brinjal,Other,03/03/2020,600,800,700
Uttrakhand,Haridwar,Manglaur,Brinjal,Other,04/03/2020,600,800,700
Uttrakhand,Haridwar,Manglaur,Brinjal,Other,05/03/2020,400,500,450
Uttrakhand,Haridwar,Manglaur,Brinjal,Other,06/03/2020,800,1000,900
Uttrakhand,Haridwar,Manglaur,Brinjal,Other,07/03/2020,800,1000,900
Uttrakhand,Haridwar,Manglaur,Brinjal,Other,09/03/2020,600,800,700
Uttrakhand,Haridwar,Manglaur,Brinjal,Other,11/03/2020,600,800,700
Uttrakhand,Haridwar,Manglaur,Brinjal,Other,12/03/2020,600,800,700
Uttrakhand,Haridwar,Manglaur,Brinjal,Other,13/03/2020,600,800,700
Uttrakhand,Haridwar,Manglaur,Brinjal,Other,15/03/2020,500,700,600
Uttrakhand,Haridwar,Manglaur,Brinjal,Other,16/03/2020,800,1000,900
Uttrakhand,Haridwar,Manglaur,Brinjal,Other,18/03/2020,600,800,700
Uttrakhand,Haridwar,Manglaur,Brinjal,Other,20/03/2020,600,800,700
Uttrakhand,Haridwar,Manglaur,Brinjal,Other,21/03/2020,800,1000,900
Uttrakhand,Haridwar,Manglaur,Brinjal,Other,26/03/2020,600,800,700
Uttrakhand,Haridwar,Manglaur,Brinjal,Other,30/03/2020,700,900,800
Uttrakhand,Haridwar,Manglaur,Brinjal,Other,31/03/2020,700,900,800
Uttrakhand,Haridwar,Manglaur,Brinjal,Other,02/04/2020,600,800,700
Uttrakhand,Haridwar,Manglaur,Brinjal,Other,03/04/2020,600,800,700
Uttrakhand,Haridwar,Manglaur,Brinjal,Other,05/04/2020,700,900,800
Uttrakhand,Haridwar,Manglaur,Brinjal,Other,06/04/2020,700,900,800
Uttrakhand,Haridwar,Manglaur,Brinjal,Other,07/04/2020,600,800,700
Uttrakhand,Haridwar,Manglaur,Brinjal,Other,08/04/2020,600,800,700
Uttrakhand,Haridwar,Manglaur,Brinjal,Other,09/04/2020,600,800,700
Uttrakhand,Haridwar,Manglaur,Brinjal,Other,10/04/2020,800,1000,900
Uttrakhand,Haridwar,Manglaur,Brinjal,Other,11/04/2020,700,900,800
Uttrakhand,Haridwar,Manglaur,Brinjal,Other,12/04/2020,600,800,700
Uttrakhand,Haridwar,Manglaur,Brinjal,Other,13/04/2020,600,800,700
Uttrakhand,Haridwar,Manglaur,Brinjal,Other,14/04/2020,800,1000,900
Uttrakhand,Haridwar,Manglaur,Brinjal,Other,15/04/2020,800,1000,900
West Bengal,Bankura,Bankura Sadar,Brinjal,Round/Long,20/02/2020,3250,3800,3500
West Bengal,Bankura,Bankura Sadar,Brinjal,Round/Long,24/02/2020,2400,2700,2500
West Bengal,Bankura,Bankura Sadar,Brinjal,Round/Long,25/02/2020,2400,2600,2500
West Bengal,Bankura,Bankura Sadar,Brinjal,Round/Long,26/02/2020,2350,2600,2500
West Bengal,Bankura,Bankura Sadar,Brinjal,Round/Long,27/02/2020,2300,2600,2500
West Bengal,Bankura,Bankura Sadar,Brinjal,Round/Long,28/02/2020,1700,2100,1900
West Bengal,Bankura,Bankura Sadar,Brinjal,Round/Long,02/03/2020,1300,1600,1500
West Bengal,Bankura,Bankura Sadar,Brinjal,Round/Long,04/03/2020,1400,1600,1500
West Bengal,Bankura,Bankura Sadar,Brinjal,Round/Long,05/03/2020,1250,1600,1500
West Bengal,Bankura,Bankura Sadar,Brinjal,Round/Long,06/03/2020,700,900,800
West Bengal,Bankura,Bankura Sadar,Brinjal,Round/Long,10/03/2020,700,900,800
West Bengal,Bankura,Bankura Sadar,Brinjal,Round/Long,11/03/2020,700,900,800
West Bengal,Bankura,Bankura Sadar,Brinjal,Round/Long,13/03/2020,700,950,800
West Bengal,Bankura,Bankura Sadar,Brinjal,Round/Long,16/03/2020,650,850,800
West Bengal,Bankura,Bankura Sadar,Brinjal,Round/Long,17/03/2020,700,900,800
West Bengal,Bankura,Bankura Sadar,Brinjal,Round/Long,18/03/2020,550,800,700
West Bengal,Bankura,Bankura Sadar,Brinjal,Round/Long,19/03/2020,600,800,700
West Bengal,Bankura,Bankura Sadar,Brinjal,Round/Long,20/03/2020,650,750,700
West Bengal,Bankura,Bankura Sadar,Brinjal,Round/Long,27/03/2020,1900,2200,2000
West Bengal,Bankura,Bankura Sadar,Brinjal,Round/Long,28/03/2020,700,1000,800
West Bengal,Bankura,Bankura Sadar,Brinjal,Round/Long,30/03/2020,800,1000,900
West Bengal,Bankura,Bankura Sadar,Brinjal,Round/Long,31/03/2020,800,1000,900
West Bengal,Bankura,Bankura Sadar,Brinjal,Round/Long,01/04/2020,750,1000,900
West Bengal,Bankura,Bankura Sadar,Brinjal,Round/Long,02/04/2020,800,1000,900
West Bengal,Bankura,Bankura Sadar,Brinjal,Round/Long,03/04/2020,900,1100,1000
West Bengal,Bankura,Bankura Sadar,Brinjal,Round/Long,04/04/2020,900,1100,1000
West Bengal,Bankura,Bankura Sadar,Brinjal,Round/Long,06/04/2020,900,1100,1000
West Bengal,Bankura,Bankura Sadar,Brinjal,Round/Long,07/04/2020,850,1200,1000
West Bengal,Bankura,Bankura Sadar,Brinjal,Round/Long,08/04/2020,950,1200,1100
West Bengal,Bankura,Bankura Sadar,Brinjal,Round/Long,09/04/2020,1300,1500,1400
West Bengal,Bankura,Bankura Sadar,Brinjal,Round/Long,10/04/2020,1300,1500,1400
West Bengal,Bankura,Bankura Sadar,Brinjal,Round/Long,13/04/2020,1300,1500,1400
West Bengal,Bankura,Bankura Sadar,Brinjal,Round/Long,15/04/2020,1350,1500,1400