state,district,market,commodity,variety,arrival_date,min_price,max_price,modal_price
Chattisgarh,Durg,Durg,Cabbage,Other,20/02/2020,600,1000,800
Chattisgarh,Durg,Durg,Cabbage,Other,22/02/2020,800,1000,900
Chattisgarh,Durg,Durg,Cabbage,Other,23/02/2020,600,700,650
Chattisgarh,Durg,Durg,Cabbage,Other,25/02/2020,500,700,600
Chattisgarh,Durg,Durg,Cabbage,Other,26/02/2020,700,800,750
Chattisgarh,Durg,Durg,Cabbage,Other,27/02/2020,600,700,650
Chattisgarh,Durg,Durg,Cabbage,Other,28/02/2020,500,700,600
Chattisgarh,Durg,Durg,Cabbage,Other,01/03/2020,500,700,600
Chattisgarh,Durg,Durg,Cabbage,Other,03/03/2020,600,700,650
Chattisgarh,Durg,Durg,Cabbage,Other,04/03/2020,500,700,600
Chattisgarh,Durg,Durg,Cabbage,Other,05/03/2020,600,700,650
Chattisgarh,Durg,Durg,Cabbage,Other,06/03/2020,400,500,450
Chattisgarh,Durg,Durg,Cabbage,Other,07/03/2020,300,500,400
Chattisgarh,Durg,Durg,Cabbage,Other,09/03/2020,400,500,450
Chattisgarh,Durg,Durg,Cabbage,Other,12/03/2020,300,500,400
Chattisgarh,Durg,Durg,Cabbage,Other,13/03/2020,500,600,550
Chattisgarh,Durg,Durg,Cabbage,Other,14/03/2020,400,600,500
Chattisgarh,Durg,Durg,Cabbage,Other,15/03/2020,500,600,550
Chattisgarh,Durg,Durg,Cabbage,Other,17/03/2020,400,600,500
Chattisgarh,Durg,Durg,Cabbage,Other,18/03/2020,400,600,500
Chattisgarh,Durg,Durg,Cabbage,Other,19/03/2020,300,400,350
Chattisgarh,Durg,Durg,Cabbage,Other,20/03/2020,300,500,400
Chattisgarh,Durg,Durg,Cabbage,Other,21/03/2020,400,500,450
Chattisgarh,Durg,Durg,Cabbage,Other,24/03/2020,300,500,400
Chattisgarh,Durg,Durg,Cabbage,Other,25/03/2020,500,1000,750
Chattisgarh,Durg,Durg,Cabbage,Other,26/03/2020,700,800,750
Chattisgarh,Durg,Durg,Cabbage,Other,27/03/2020,700,1000,850
Chattisgarh,Durg,Durg,Cabbage,Other,28/03/2020,600,800,700
Chattisgarh,Durg,Durg,Cabbage,Other,29/03/2020,300,400,350
Chattisgarh,Durg,Durg,Cabbage,Other,31/03/2020,400,500,450
Chattisgarh,Durg,Durg,Cabbage,Other,01/04/2020,300,400,350
Chattisgarh,Durg,Durg,Cabbage,Other,02/04/2020,300,500,400
Chattisgarh,Durg,Durg,Cabbage,Other,03/04/2020,400,500,450
Chattisgarh,Durg,Durg,Cabbage,Other,04/04/2020,300,400,350
Chattisgarh,Durg,Durg,Cabbage,Other,05/04/2020,200,600,400
Chattisgarh,Durg,Durg,Cabbage,Other,07/04/2020,400,500,450
Chattisgarh,Durg,Durg,Cabbage,Other,08/04/2020,300,500,400
Chattisgarh,Durg,Durg,Cabbage,Other,09/04/2020,400,500,450
Chattisgarh,Durg,Durg,Cabbage,Other,10/04/2020,300,500,400
Chattisgarh,Durg,Durg,Cabbage,Other,11/04/2020,400,500,450
Chattisgarh,Durg,Durg,Cabbage,Other,12/04/2020,300,500,400
Chattisgarh,Durg,Durg,Cabbage,Other,14/04/2020,300,400,350
Chattisgarh,Durg,Durg,Cabbage,Other,15/04/2020,200,600,400
Gujarat,Dahod,Dahod(Veg. Market),Cabbage,Cabbage,20/02/2020,150,500,300
Gujarat,Dahod,Dahod(Veg. Market),Cabbage,Cabbage,22/02/2020,200,500,400
Gujarat,Dahod,Dahod(Veg. Market),Cabbage,Cabbage,23/02/2020,200,500,300
Gujarat,Dahod,Dahod(Veg. Market),Cabbage,Cabbage,24/02/2020,200,500,400
Gujarat,Dahod,Dahod(Veg. Market),Cabbage,Cabbage,25/02/2020,100,500,300
Gujarat,Dahod,Dahod(Veg. Market),Cabbage,Cabbage,26/02/2020,150,500,300
Gujarat,Dahod,Dahod(Veg. Market),Cabbage,Cabbage,27/02/2020,200,500,300
Gujarat,Dahod,Dahod(Veg. Market),Cabbage,Cabbage,28/02/2020,100,500,200
Gujarat,Dahod,Dahod(Veg. Market),Cabbage,Cabbage,29/02/2020,150,500,400
Gujarat,Dahod,Dahod(Veg. Market),Cabbage,Cabbage,01/03/2020,300,500,400
Gujarat,Dahod,Dahod(Veg. Market),Cabbage,Cabbage,03/03/2020,200,500,300
Gujarat,Dahod,Dahod(Veg. Market),Cabbage,Cabbage,04/03/2020,200,500,400
Gujarat,Dahod,Dahod(Veg. Market),Cabbage,Cabbage,05/03/2020,200,500,300
Gujarat,Dahod,Dahod(Veg. Market),Cabbage,Cabbage,06/03/2020,200,500,400
Gujarat,Dahod,Dahod(Veg. Market),Cabbage,Cabbage,07/03/2020,200,500,400
Gujarat,Dahod,Dahod(Veg. Market),Cabbage,Cabbage,08/03/2020,200,500,300
Gujarat,Dahod,Dahod(Veg. Market),Cabbage,Cabbage,09/03/2020,200,500,400
Gujarat,Dahod,Dahod(Veg. Market),Cabbage,Cabbage,11/03/2020,300,600,400
Gujarat,Dahod,Dahod(Veg. Market),Cabbage,Cabbage,12/03/2020,300,500,400
Gujarat,Dahod,Dahod(Veg. Market),Cabbage,Cabbage,13/03/2020,300,500,400
Gujarat,Dahod,Dahod(Veg. Market),Cabbage,Cabbage,14/03/2020,300,500,400
Gujarat,Dahod,Dahod(Veg. Market),Cabbage,Cabbage,15/03/2020,200,500,400
Gujarat,Dahod,Dahod(Veg. Market),Cabbage,Cabbage,16/03/2020,200,500,400
Gujarat,Dahod,Dahod(Veg. Market),Cabbage,Cabbage,17/03/2020,200,500,400
Gujarat,Dahod,Dahod(Veg. Market),Cabbage,Cabbage,18/03/2020,300,500,400
Gujarat,Dahod,Dahod(Veg. Market),Cabbage,Cabbage,19/03/2020,300,500,400
Gujarat,Dahod,Dahod(Veg. Market),Cabbage,Cabbage,20/03/2020,200,500,400
Gujarat,Dahod,Dahod(Veg. Market),Cabbage,Cabbage,21/03/2020,300,500,400
Gujarat,Dahod,Dahod(Veg. Market),Cabbage,Cabbage,23/03/2020,600,1000,700
Gujarat,Dahod,Dahod(Veg. Market),Cabbage,Cabbage,24/03/2020,300,500,400
Gujarat,Dahod,Dahod(Veg. Market),Cabbage,Cabbage,25/03/2020,300,500,400
Gujarat,Dahod,Dahod(Veg. Market),Cabbage,Cabbage,26/03/2020,800,1000,900
Gujarat,Dahod,Dahod(Veg. Market),Cabbage,Cabbage,27/03/2020,300,1000,800
Gujarat,Dahod,Dahod(Veg. Market),Cabbage,Cabbage,28/03/2020,600,800,700
Gujarat,Dahod,Dahod(Veg. Market),Cabbage,Cabbage,29/03/2020,200,500,400
Gujarat,Dahod,Dahod(Veg. Market),Cabbage,Cabbage,30/03/2020,400,800,600
Gujarat,Dahod,Dahod(Veg. Market),Cabbage,Cabbage,31/03/2020,300,500,400
Gujarat,Dahod,Dahod(Veg. Market),Cabbage,Cabbage,01/04/2020,500,600,600
Gujarat,Dahod,Dahod(Veg. Market),Cabbage,Cabbage,02/04/2020,200,600,400
Gujarat,Dahod,Dahod(Veg. Market),Cabbage,Cabbage,03/04/2020,200,500,400
Gujarat,Dahod,Dahod(Veg. Market),Cabbage,Cabbage,04/04/2020,300,600,400
Gujarat,Dahod,Dahod(Veg. Market),Cabbage,Cabbage,05/04/2020,300,500,400
Gujarat,Dahod,Dahod(Veg. Market),Cabbage,Cabbage,06/04/2020,200,600,500
Gujarat,Dahod,Dahod(Veg. Market),Cabbage,Cabbage,07/04/2020,400,650,500
Gujarat,Dahod,Dahod(Veg. Market),Cabbage,Cabbage,09/04/2020,200,500,400
Gujarat,Dahod,Dahod(Veg. Market),Cabbage,Cabbage,10/04/2020,300,700,500
Gujarat,Dahod,Dahod(Veg. Market),Cabbage,Cabbage,11/04/2020,300,600,500
Gujarat,Dahod,Dahod(Veg. Market),Cabbage,Cabbage,12/04/2020,300,400,350
Gujarat,Dahod,Dahod(Veg. Market),Cabbage,Cabbage,13/04/2020,200,400,300
Gujarat,Dahod,Dahod(Veg. Market),Cabbage,Cabbage,14/04/2020,200,400,300
Gujarat,Dahod,Dahod(Veg. Market),Cabbage,Cabbage,15/04/2020,400,1000,700
Haryana,Kurukshetra,Shahabad,Cabbage,Cabbage,20/02/2020,600,800,700
Haryana,Kurukshetra,Shahabad,Cabbage,Cabbage,21/02/2020,600,800,700
Haryana,Kurukshetra,Shahabad,Cabbage,Cabbage,22/02/2020,350,400,370
Haryana,Kurukshetra,Shahabad,Cabbage,Cabbage,24/02/2020,700,900,800
Haryana,Kurukshetra,Shahabad,Cabbage,Cabbage,26/02/2020,900,1100,900
Haryana,Kurukshetra,Shahabad,Cabbage,Cabbage,27/02/2020,800,1000,900
Haryana,Kurukshetra,Shahabad,Cabbage,Cabbage,28/02/2020,700,800,700
Haryana,Kurukshetra,Shahabad,Cabbage,Cabbage,01/03/2020,300,800,500
Haryana,Kurukshetra,Shahabad,Cabbage,Cabbage,02/03/2020,700,800,700
Haryana,Kurukshetra,Shahabad,Cabbage,Cabbage,03/03/2020,500,900,700
Haryana,Kurukshetra,Shahabad,Cabbage,Cabbage,05/03/2020,700,800,700
Haryana,Kurukshetra,Shahabad,Cabbage,Cabbage,06/03/2020,700,800,700
Haryana,Kurukshetra,Shahabad,Cabbage,Cabbage,07/03/2020,500,900,700
Haryana,Kurukshetra,Shahabad,Cabbage,Cabbage,09/03/2020,700,1000,800
Haryana,Kurukshetra,Shahabad,Cabbage,Cabbage,10/03/2020,800,1100,1000
Haryana,Kurukshetra,Shahabad,Cabbage,Cabbage,11/03/2020,1100,1200,1100
Haryana,Kurukshetra,Shahabad,Cabbage,Cabbage,12/03/2020,900,1000,900
Haryana,Kurukshetra,Shahabad,Cabbage,Cabbage,13/03/2020,700,1000,800
Haryana,Kurukshetra,Shahabad,Cabbage,Cabbage,16/03/2020,500,800,600
Haryana,Kurukshetra,Shahabad,Cabbage,Cabbage,17/03/2020,500,700,600
Haryana,Kurukshetra,Shahabad,Cabbage,Cabbage,18/03/2020,500,700,600
Haryana,Kurukshetra,Shahabad,Cabbage,Cabbage,19/03/2020,500,800,600
Haryana,Kurukshetra,Shahabad,Cabbage,Cabbage,20/03/2020,600,1000,800
Haryana,Kurukshetra,Shahabad,Cabbage,Cabbage,21/03/2020,600,700,600
Haryana,Kurukshetra,Shahabad,Cabbage,Cabbage,23/03/2020,600,800,700
Haryana,Kurukshetra,Shahabad,Cabbage,Cabbage,24/03/2020,400,800,600
Haryana,Kurukshetra,Shahabad,Cabbage,Cabbage,25/03/2020,500,700,600
Haryana,Kurukshetra,Shahabad,Cabbage,Cabbage,27/03/2020,700,700,700
Haryana,Kurukshetra,Shahabad,Cabbage,Cabbage,28/03/2020,500,900,600
Haryana,Kurukshetra,Shahabad,Cabbage,Cabbage,31/03/2020,400,600,500
Haryana,Kurukshetra,Shahabad,Cabbage,Cabbage,01/04/2020,750,750,750
Haryana,Kurukshetra,Shahabad,Cabbage,Cabbage,02/04/2020,600,600,600
Haryana,Kurukshetra,Shahabad,Cabbage,Cabbage,03/04/2020,600,800,700
Haryana,Kurukshetra,Shahabad,Cabbage,Cabbage,04/04/2020,500,700,600
Haryana,Kurukshetra,Shahabad,Cabbage,Cabbage,06/04/2020,500,800,600
Haryana,Kurukshetra,Shahabad,Cabbage,Cabbage,07/04/2020,500,700,600
Haryana,Kurukshetra,Shahabad,Cabbage,Cabbage,08/04/2020,500,800,600
Haryana,Kurukshetra,Shahabad,Cabbage,Cabbage,09/04/2020,600,800,700
Haryana,Kurukshetra,Shahabad,Cabbage,Cabbage,10/04/2020,500,650,600
Haryana,Kurukshetra,Shahabad,Cabbage,Cabbage,11/04/2020,500,600,500
Haryana,Kurukshetra,Shahabad,Cabbage,Cabbage,13/04/2020,500,1000,700
Haryana,Kurukshetra,Shahabad,Cabbage,Cabbage,14/04/2020,400,600,500
Haryana,Kurukshetra,Shahabad,Cabbage,Cabbage,15/04/2020,400,400,400
Himachal Pradesh,Hamirpur,Hamirpur,Cabbage,Other,20/02/2020,1000,1200,1100
Himachal Pradesh,Hamirpur,Hamirpur,Cabbage,Other,22/02/2020,800,1400,1100
Himachal Pradesh,Hamirpur,Hamirpur,Cabbage,Other,24/02/2020,1100,1300,1200
Himachal Pradesh,Hamirpur,Hamirpur,Cabbage,Other,25/02/2020,1100,1300,1200
Himachal Pradesh,Hamirpur,Hamirpur,Cabbage,Other,26/02/2020,1100,1300,1200
Himachal Pradesh,Hamirpur,Hamirpur,Cabbage,Other,27/02/2020,1200,1400,1300
Himachal Pradesh,Hamirpur,Hamirpur,Cabbage,Other,28/02/2020,1000,1300,1150
Himachal Pradesh,Hamirpur,Hamirpur,Cabbage,Other,29/02/2020,1000,1300,1150
Himachal Pradesh,Hamirpur,Hamirpur,Cabbage,Other,02/03/2020,1000,1400,1200
Himachal Pradesh,Hamirpur,Hamirpur,Cabbage,Other,03/03/2020,600,1200,900
Himachal Pradesh,Hamirpur,Hamirpur,Cabbage,Other,04/03/2020,900,1200,1050
Himachal Pradesh,Hamirpur,Hamirpur,Cabbage,Other,05/03/2020,800,1200,1000
Himachal Pradesh,Hamirpur,Hamirpur,Cabbage,Other,06/03/2020,800,1200,1000
Himachal Pradesh,Hamirpur,Hamirpur,Cabbage,Other,07/03/2020,800,1200,1000
Himachal Pradesh,Hamirpur,Hamirpur,Cabbage,Other,09/03/2020,800,1200,1000
Himachal Pradesh,Hamirpur,Hamirpur,Cabbage,Other,11/03/2020,800,1200,1000
Himachal Pradesh,Hamirpur,Hamirpur,Cabbage,Other,12/03/2020,1000,1200,1100
Himachal Pradesh,Hamirpur,Hamirpur,Cabbage,Other,13/03/2020,1000,1200,1100
Himachal Pradesh,Hamirpur,Hamirpur,Cabbage,Other,16/03/2020,900,1200,1050
Himachal Pradesh,Hamirpur,Hamirpur,Cabbage,Other,17/03/2020,900,1200,1050
Himachal Pradesh,Hamirpur,Hamirpur,Cabbage,Other,18/03/2020,900,1200,1050
Himachal Pradesh,Hamirpur,Hamirpur,Cabbage,Other,19/03/2020,900,1200,1050
Himachal Pradesh,Hamirpur,Hamirpur,Cabbage,Other,20/03/2020,500,1200,800
Himachal Pradesh,Hamirpur,Hamirpur,Cabbage,Other,21/03/2020,1200,1400,1300
Himachal Pradesh,Hamirpur,Hamirpur,Cabbage,Other,29/03/2020,1600,2000,1800
Himachal Pradesh,Hamirpur,Hamirpur,Cabbage,Other,30/03/2020,1300,1600,1400
Himachal Pradesh,Hamirpur,Hamirpur,Cabbage,Other,31/03/2020,1300,1600,1400
Himachal Pradesh,Hamirpur,Hamirpur,Cabbage,Other,01/04/2020,1300,1500,1400
Himachal Pradesh,Hamirpur,Hamirpur,Cabbage,Other,03/04/2020,1200,1400,1300
Himachal Pradesh,Hamirpur,Hamirpur,Cabbage,Other,04/04/2020,1000,1200,1100
Himachal Pradesh,Hamirpur,Hamirpur,Cabbage,Other,07/04/2020,1100,1300,1200
Himachal Pradesh,Hamirpur,Hamirpur,Cabbage,Other,08/04/2020,1000,1400,1200
Himachal Pradesh,Hamirpur,Hamirpur,Cabbage,Other,13/04/2020,1000,1200,1100
Himachal Pradesh,Hamirpur,Hamirpur,Cabbage,Other,14/04/2020,900,1200,1050
Himachal Pradesh,Hamirpur,Hamirpur,Cabbage,Other,15/04/2020,800,1000,900
Karnataka,Bangalore,Ramanagara,Cabbage,Cabbage,20/02/2020,400,600,500
Karnataka,Bangalore,Ramanagara,Cabbage,Cabbage,21/02/2020,400,600,500
Karnataka,Bangalore,Ramanagara,Cabbage,Cabbage,22/02/2020,300,500,400
Karnataka,Bangalore,Ramanagara,Cabbage,Cabbage,24/02/2020,300,500,400
Karnataka,Bangalore,Ramanagara,Cabbage,Cabbage,25/02/2020,300,500,400
Karnataka,Bangalore,Ramanagara,Cabbage,Cabbage,26/02/2020,300,500,400
Karnataka,Bangalore,Ramanagara,Cabbage,Cabbage,27/02/2020,400,500,450
Karnataka,Bangalore,Ramanagara,Cabbage,Cabbage,28/02/2020,400,600,500
Karnataka,Bangalore,Ramanagara,Cabbage,Cabbage,29/02/2020,300,500,400
Karnataka,Bangalore,Ramanagara,Cabbage,Cabbage,02/03/2020,400,600,500
Karnataka,Bangalore,Ramanagara,Cabbage,Cabbage,03/03/2020,400,600,500
Karnataka,Bangalore,Ramanagara,Cabbage,Cabbage,04/03/2020,300,500,400
Karnataka,Bangalore,Ramanagara,Cabbage,Cabbage,05/03/2020,300,500,400
Karnataka,Bangalore,Ramanagara,Cabbage,Cabbage,06/03/2020,300,500,400
Karnataka,Bangalore,Ramanagara,Cabbage,Cabbage,07/03/2020,300,500,400
Karnataka,Bangalore,Ramanagara,Cabbage,Cabbage,09/03/2020,300,500,400
Karnataka,Bangalore,Ramanagara,Cabbage,Cabbage,10/03/2020,300,500,400
Karnataka,Bangalore,Ramanagara,Cabbage,Cabbage,11/03/2020,300,500,400
Karnataka,Bangalore,Ramanagara,Cabbage,Cabbage,12/03/2020,300,500,400
Karnataka,Bangalore,Ramanagara,Cabbage,Cabbage,13/03/2020,300,500,400
Karnataka,Bangalore,Ramanagara,Cabbage,Cabbage,14/03/2020,300,400,350
Karnataka,Bangalore,Ramanagara,Cabbage,Cabbage,16/03/2020,300,500,400
Karnataka,Bangalore,Ramanagara,Cabbage,Cabbage,17/03/2020,300,500,400
Karnataka,Bangalore,Ramanagara,Cabbage,Cabbage,18/03/2020,300,500,400
Karnataka,Bangalore,Ramanagara,Cabbage,Cabbage,19/03/2020,300,500,400
Karnataka,Bangalore,Ramanagara,Cabbage,Cabbage,20/03/2020,300,500,400
Karnataka,Bangalore,Ramanagara,Cabbage,Cabbage,21/03/2020,300,500,400
Karnataka,Bangalore,Ramanagara,Cabbage,Cabbage,23/03/2020,400,600,500
Karnataka,Bangalore,Ramanagara,Cabbage,Cabbage,24/03/2020,800,1000,900
Karnataka,Bangalore,Ramanagara,Cabbage,Cabbage,27/03/2020,800,1000,900
Karnataka,Bangalore,Ramanagara,Cabbage,Cabbage,28/03/2020,800,1000,900
Karnataka,Bangalore,Ramanagara,Cabbage,Cabbage,30/03/2020,800,1000,900
Karnataka,Bangalore,Ramanagara,Cabbage,Cabbage,31/03/2020,600,1000,800
Karnataka,Bangalore,Ramanagara,Cabbage,Cabbage,01/04/2020,600,1000,800
Karnataka,Bangalore,Ramanagara,Cabbage,Cabbage,02/04/2020,400,800,600
Karnataka,Bangalore,Ramanagara,Cabbage,Cabbage,03/04/2020,400,600,500
Karnataka,Bangalore,Ramanagara,Cabbage,Cabbage,04/04/2020,300,500,400
Karnataka,Bangalore,Ramanagara,Cabbage,Cabbage,05/04/2020,300,500,400
Karnataka,Bangalore,Ramanagara,Cabbage,Cabbage,06/04/2020,500,700,600
Karnataka,Bangalore,Ramanagara,Cabbage,Cabbage,07/04/2020,600,900,800
Karnataka,Bangalore,Ramanagara,Cabbage,Cabbage,08/04/2020,500,700,600
Karnataka,Bangalore,Ramanagara,Cabbage,Cabbage,09/04/2020,400,600,500
Karnataka,Bangalore,Ramanagara,Cabbage,Cabbage,10/04/2020,300,500,400
Karnataka,Bangalore,Ramanagara,Cabbage,Cabbage,11/04/2020,300,500,400
Karnataka,Bangalore,Ramanagara,Cabbage,Cabbage,12/04/2020,400,600,500
Karnataka,Bangalore,Ramanagara,Cabbage,Cabbage,13/04/2020,300,500,400
Karnataka,Bangalore,Ramanagara,Cabbage,Cabbage,14/04/2020,300,500,400
Karnataka,Bangalore,Ramanagara,Cabbage,Cabbage,15/04/2020,400,600,500
Kerala,Kottayam,Athirampuzha,Cabbage,Cabbage,20/02/2020,1800,2000,1900
Kerala,Kottayam,Athirampuzha,Cabbage,Cabbage,21/02/2020,1800,2000,1900
Kerala,Kottayam,Athirampuzha,Cabbage,Cabbage,22/02/2020,1800,2000,1900
Kerala,Kottayam,Athirampuzha,Cabbage,Cabbage,24/02/2020,1600,1800,1700
Kerala,Kottayam,Athirampuzha,Cabbage,Cabbage,25/02/2020,1800,2000,1900
Kerala,Kottayam,Athirampuzha,Cabbage,Cabbage,26/02/2020,1800,2000,1900
Kerala,Kottayam,Athirampuzha,Cabbage,Cabbage,27/02/2020,1800,2000,1900
Kerala,Kottayam,Athirampuzha,Cabbage,Cabbage,29/02/2020,1600,1800,1700
Kerala,Kottayam,Athirampuzha,Cabbage,Cabbage,04/03/2020,1500,1700,1600
Kerala,Kottayam,Athirampuzha,Cabbage,Cabbage,05/03/2020,1600,1800,1700
Kerala,Kottayam,Athirampuzha,Cabbage,Cabbage,06/03/2020,1600,1800,1700
Kerala,Kottayam,Athirampuzha,Cabbage,Cabbage,07/03/2020,1500,1700,1600
Kerala,Kottayam,Athirampuzha,Cabbage,Cabbage,09/03/2020,1600,1800,1700
Kerala,Kottayam,Athirampuzha,Cabbage,Cabbage,11/03/2020,1800,2000,1900
Kerala,Kottayam,Athirampuzha,Cabbage,Cabbage,12/03/2020,1600,1800,1700
Kerala,Kottayam,Athirampuzha,Cabbage,Cabbage,13/03/2020,1600,1800,1700
Kerala,Kottayam,Athirampuzha,Cabbage,Cabbage,14/03/2020,1700,1900,1800
Kerala,Kottayam,Athirampuzha,Cabbage,Cabbage,16/03/2020,1600,1800,1700
Kerala,Kottayam,Athirampuzha,Cabbage,Cabbage,18/03/2020,1800,2000,1900
Kerala,Kottayam,Athirampuzha,Cabbage,Cabbage,20/03/2020,1600,1800,1700
Kerala,Kottayam,Athirampuzha,Cabbage,Cabbage,23/03/2020,2400,2600,2500
Kerala,Kottayam,Athirampuzha,Cabbage,Cabbage,24/03/2020,1800,2000,1900
Kerala,Kottayam,Athirampuzha,Cabbage,Cabbage,25/03/2020,1800,2000,1900
Kerala,Kottayam,Athirampuzha,Cabbage,Cabbage,27/03/2020,2800,3000,2900
Kerala,Kottayam,Athirampuzha,Cabbage,Cabbage,30/03/2020,2300,2500,2400
Kerala,Kottayam,Athirampuzha,Cabbage,Cabbage,31/03/2020,2300,2500,2400
Kerala,Kottayam,Athirampuzha,Cabbage,Cabbage,03/04/2020,2300,2500,2400
Kerala,Kottayam,Athirampuzha,Cabbage,Cabbage,06/04/2020,1800,2000,1900
Kerala,Kottayam,Athirampuzha,Cabbage,Cabbage,07/04/2020,1800,2000,1900
Kerala,Kottayam,Athirampuzha,Cabbage,Cabbage,15/04/2020,1500,1700,1600
Madhya Pradesh,Ujjain,Ujjain(F&V),Cabbage,Cabbage,20/02/2020,1000,1900,1350
Madhya Pradesh,Ujjain,Ujjain(F&V),Cabbage,Cabbage,21/02/2020,1000,2000,1355
Madhya Pradesh,Ujjain,Ujjain(F&V),Cabbage,Cabbage,22/02/2020,1050,2050,1320
Madhya Pradesh,Ujjain,Ujjain(F&V),Cabbage,Cabbage,23/02/2020,1000,2000,1450
Madhya Pradesh,Ujjain,Ujjain(F&V),Cabbage,Cabbage,24/02/2020,1050,2000,1455
Madhya Pradesh,Ujjain,Ujjain(F&V),Cabbage,Cabbage,25/02/2020,1050,2000,1410
Madhya Pradesh,Ujjain,Ujjain(F&V),Cabbage,Cabbage,26/02/2020,1000,2000,1640
Madhya Pradesh,Ujjain,Ujjain(F&V),Cabbage,Cabbage,27/02/2020,1050,2300,1665
Madhya Pradesh,Ujjain,Ujjain(F&V),Cabbage,Cabbage,28/02/2020,1100,2400,1775
Madhya Pradesh,Ujjain,Ujjain(F&V),Cabbage,Cabbage,29/02/2020,1000,2400,1725
Madhya Pradesh,Ujjain,Ujjain(F&V),Cabbage,Cabbage,01/03/2020,1000,2000,1640
Madhya Pradesh,Ujjain,Ujjain(F&V),Cabbage,Cabbage,02/03/2020,1050,2050,1655
Madhya Pradesh,Ujjain,Ujjain(F&V),Cabbage,Cabbage,03/03/2020,1200,2200,1496
Madhya Pradesh,Ujjain,Ujjain(F&V),Cabbage,Cabbage,05/03/2020,1000,2000,1320
Madhya Pradesh,Ujjain,Ujjain(F&V),Cabbage,Cabbage,06/03/2020,1000,1900,1466
Madhya Pradesh,Ujjain,Ujjain(F&V),Cabbage,Cabbage,07/03/2020,1000,2200,1850
Madhya Pradesh,Ujjain,Ujjain(F&V),Cabbage,Cabbage,08/03/2020,1000,2000,1320
Madhya Pradesh,Ujjain,Ujjain(F&V),Cabbage,Cabbage,09/03/2020,1000,2000,1326
Madhya Pradesh,Ujjain,Ujjain(F&V),Cabbage,Cabbage,11/03/2020,1000,2400,1816
Madhya Pradesh,Ujjain,Ujjain(F&V),Cabbage,Cabbage,12/03/2020,1000,2200,1829
Madhya Pradesh,Ujjain,Ujjain(F&V),Cabbage,Cabbage,13/03/2020,1000,1500,1320
Madhya Pradesh,Ujjain,Ujjain(F&V),Cabbage,Cabbage,15/03/2020,1000,2400,1855
Madhya Pradesh,Ujjain,Ujjain(F&V),Cabbage,Cabbage,16/03/2020,1000,2300,1826
Madhya Pradesh,Ujjain,Ujjain(F&V),Cabbage,Cabbage,17/03/2020,1000,2400,1840
Madhya Pradesh,Ujjain,Ujjain(F&V),Cabbage,Cabbage,18/03/2020,1000,2050,1455
Madhya Pradesh,Ujjain,Ujjain(F&V),Cabbage,Cabbage,19/03/2020,1000,2000,1550
Madhya Pradesh,Ujjain,Ujjain(F&V),Cabbage,Cabbage,20/03/2020,1000,1900,1310
Madhya Pradesh,Ujjain,Ujjain(F&V),Cabbage,Cabbage,21/03/2020,1000,2000,1640
Madhya Pradesh,Ujjain,Ujjain(F&V),Cabbage,Cabbage,23/03/2020,2500,3000,2650
Madhya Pradesh,Ujjain,Ujjain(F&V),Cabbage,Cabbage,24/03/2020,1000,2050,1456
Madhya Pradesh,Ujjain,Ujjain(F&V),Cabbage,Cabbage,25/03/2020,1000,2500,1650
Madhya Pradesh,Ujjain,Ujjain(F&V),Cabbage,Cabbage,26/03/2020,1050,2000,1640
Madhya Pradesh,Ujjain,Ujjain(F&V),Cabbage,Cabbage,27/03/2020,1000,2000,1451
Madhya Pradesh,Ujjain,Ujjain(F&V),Cabbage,Cabbage,28/03/2020,1000,2000,1455
Madhya Pradesh,Ujjain,Ujjain(F&V),Cabbage,Cabbage,29/03/2020,1000,2000,1459
Madhya Pradesh,Ujjain,Ujjain(F&V),Cabbage,Cabbage,30/03/2020,1000,2000,1329
Madhya Pradesh,Ujjain,Ujjain(F&V),Cabbage,Cabbage,31/03/2020,1000,2500,1911
Madhya Pradesh,Ujjain,Ujjain(F&V),Cabbage,Cabbage,01/04/2020,1000,2000,1420
Madhya Pradesh,Ujjain,Ujjain(F&V),Cabbage,Cabbage,02/04/2020,1000,2000,1355
Madhya Pradesh,Ujjain,Ujjain(F&V),Cabbage,Cabbage,03/04/2020,1050,2050,1455
Madhya Pradesh,Ujjain,Ujjain(F&V),Cabbage,Cabbage,04/04/2020,1200,2400,1811
Madhya Pradesh,Ujjain,Ujjain(F&V),Cabbage,Cabbage,05/04/2020,1050,2000,1719
Madhya Pradesh,Ujjain,Ujjain(F&V),Cabbage,Cabbage,06/04/2020,1050,2050,1820
Madhya Pradesh,Ujjain,Ujjain(F&V),Cabbage,Cabbage,07/04/2020,1000,2000,1849
Madhya Pradesh,Ujjain,Ujjain(F&V),Cabbage,Cabbage,08/04/2020,1050,2050,1710
Madhya Pradesh,Ujjain,Ujjain(F&V),Cabbage,Cabbage,09/04/2020,1000,2000,1629
Madhya Pradesh,Ujjain,Ujjain(F&V),Cabbage,Cabbage,10/04/2020,1000,2050,1649
Madhya Pradesh,Ujjain,Ujjain(F&V),Cabbage,Cabbage,11/04/2020,1000,2000,1620
Madhya Pradesh,Ujjain,Ujjain(F&V),Cabbage,Cabbage,12/04/2020,1000,2500,1740
Madhya Pradesh,Ujjain,Ujjain(F&V),Cabbage,Cabbage,13/04/2020,1000,2000,1805
Madhya Pradesh,Ujjain,Ujjain(F&V),Cabbage,Cabbage,14/04/2020,1000,2000,1756
Madhya Pradesh,Ujjain,Ujjain(F&V),Cabbage,Cabbage,15/04/2020,1000,2000,1810
Odisha,Bargarh,Padampur,Cabbage,Other,20/02/2020,1700,2000,1800
Odisha,Bargarh,Padampur,Cabbage,Other,21/02/2020,1800,2100,1900
Odisha,Bargarh,Padampur,Cabbage,Other,22/02/2020,1800,2100,1900
Odisha,Bargarh,Padampur,Cabbage,Other,23/02/2020,1800,2000,1900
Odisha,Bargarh,Padampur,Cabbage,Other,24/02/2020,1900,2100,2000
Odisha,Bargarh,Padampur,Cabbage,Other,25/02/2020,1800,2000,1900
Odisha,Bargarh,Padampur,Cabbage,Other,26/02/2020,1100,1300,1200
Odisha,Bargarh,Padampur,Cabbage,Other,27/02/2020,1200,1400,1300
Odisha,Bargarh,Padampur,Cabbage,Other,28/02/2020,1300,1500,1400
Odisha,Bargarh,Padampur,Cabbage,Other,01/03/2020,1000,1300,1200
Odisha,Bargarh,Padampur,Cabbage,Other,02/03/2020,1300,1500,1400
Odisha,Bargarh,Padampur,Cabbage,Other,03/03/2020,1100,1300,1200
Odisha,Bargarh,Padampur,Cabbage,Other,04/03/2020,1600,1800,1700
Odisha,Bargarh,Padampur,Cabbage,Other,05/03/2020,1000,1200,1100
Odisha,Bargarh,Padampur,Cabbage,Other,06/03/2020,1400,1600,1500
Odisha,Bargarh,Padampur,Cabbage,Other,07/03/2020,1300,1500,1400
Odisha,Bargarh,Padampur,Cabbage,Other,08/03/2020,1600,1800,1700
Odisha,Bargarh,Padampur,Cabbage,Other,09/03/2020,1300,1500,1400
Odisha,Bargarh,Padampur,Cabbage,Other,10/03/2020,1400,1600,1500
Odisha,Bargarh,Padampur,Cabbage,Other,11/03/2020,1300,1500,1400
Odisha,Bargarh,Padampur,Cabbage,Other,12/03/2020,1400,1600,1500
Odisha,Bargarh,Padampur,Cabbage,Other,13/03/2020,1500,1700,1600
Odisha,Bargarh,Padampur,Cabbage,Other,14/03/2020,1600,1800,1700
Odisha,Bargarh,Padampur,Cabbage,Other,15/03/2020,1500,1700,1600
Odisha,Bargarh,Padampur,Cabbage,Other,16/03/2020,1400,1600,1500
Odisha,Bargarh,Padampur,Cabbage,Other,18/03/2020,1900,2100,2000
Odisha,Bargarh,Padampur,Cabbage,Other,19/03/2020,1500,1700,1600
Odisha,Bargarh,Padampur,Cabbage,Other,20/03/2020,1400,1600,1500
Odisha,Bargarh,Padampur,Cabbage,Other,21/03/2020,1300,1500,1400
Odisha,Bargarh,Padampur,Cabbage,Other,22/03/2020,1800,2000,1900
Odisha,Bargarh,Padampur,Cabbage,Other,23/03/2020,1500,1900,1700
Odisha,Bargarh,Padampur,Cabbage,Other,24/03/2020,1000,1200,1100
Odisha,Bargarh,Padampur,Cabbage,Other,25/03/2020,1500,1700,1600
Odisha,Bargarh,Padampur,Cabbage,Other,26/03/2020,1000,1200,1100
Odisha,Bargarh,Padampur,Cabbage,Other,27/03/2020,1200,1400,1300
Odisha,Bargarh,Padampur,Cabbage,Other,28/03/2020,1100,1300,1200
Odisha,Bargarh,Padampur,Cabbage,Other,29/03/2020,1300,1500,1400
Odisha,Bargarh,Padampur,Cabbage,Other,30/03/2020,1600,1800,1700
Odisha,Bargarh,Padampur,Cabbage,Other,31/03/2020,1700,1900,1800
Odisha,Bargarh,Padampur,Cabbage,Other,01/04/2020,1500,1700,1600
Odisha,Bargarh,Padampur,Cabbage,Other,02/04/2020,1400,1600,1500
Odisha,Bargarh,Padampur,Cabbage,Other,03/04/2020,1400,1600,1500
Odisha,Bargarh,Padampur,Cabbage,Other,04/04/2020,1700,1900,1800
Odisha,Bargarh,Padampur,Cabbage,Other,05/04/2020,1500,1700,1600
Odisha,Bargarh,Padampur,Cabbage,Other,06/04/2020,1400,1600,1500
Odisha,Bargarh,Padampur,Cabbage,Other,07/04/2020,1800,2000,1900
Odisha,Bargarh,Padampur,Cabbage,Other,08/04/2020,1000,1200,1100
Odisha,Bargarh,Padampur,Cabbage,Other,09/04/2020,1200,1400,1300
Odisha,Bargarh,Padampur,Cabbage,Other,10/04/2020,1300,1500,1400
Odisha,Bargarh,Padampur,Cabbage,Other,11/04/2020,1400,1600,1500
Odisha,Bargarh,Padampur,Cabbage,Other,12/04/2020,1300,1500,1400
Odisha,Bargarh,Padampur,Cabbage,Other,13/04/2020,1500,1700,1600
Odisha,Bargarh,Padampur,Cabbage,Other,14/04/2020,1800,2000,1900
Odisha,Bargarh,Padampur,Cabbage,Other,15/04/2020,1500,1700,1600
Punjab,Jalandhar,Adampur,Cabbage,Other,20/02/2020,500,800,800
Punjab,Jalandhar,Adampur,Cabbage,Other,21/02/2020,500,800,800
Punjab,Jalandhar,Adampur,Cabbage,Other,22/02/2020,500,800,800
Punjab,Jalandhar,Adampur,Cabbage,Other,24/02/2020,500,700,700
Punjab,Jalandhar,Adampur,Cabbage,Other,25/02/2020,500,700,700
Punjab,Jalandhar,Adampur,Cabbage,Other,26/02/2020,400,500,500
Punjab,Jalandhar,Adampur,Cabbage,Other,27/02/2020,500,800,800
Punjab,Jalandhar,Adampur,Cabbage,Other,28/02/2020,500,800,800
Punjab,Jalandhar,Adampur,Cabbage,Other,29/02/2020,500,800,800
Punjab,Jalandhar,Adampur,Cabbage,Other,02/03/2020,500,800,800
Punjab,Jalandhar,Adampur,Cabbage,Other,03/03/2020,500,800,800
Punjab,Jalandhar,Adampur,Cabbage,Other,04/03/2020,600,1000,1000
Punjab,Jalandhar,Adampur,Cabbage,Other,05/03/2020,800,1500,1500
Punjab,Jalandhar,Adampur,Cabbage,Other,06/03/2020,1000,1200,1200
Punjab,Jalandhar,Adampur,Cabbage,Other,07/03/2020,1200,1400,1400
Punjab,Jalandhar,Adampur,Cabbage,Other,09/03/2020,900,1000,1000
Punjab,Jalandhar,Adampur,Cabbage,Other,10/03/2020,1000,1200,1200
Punjab,Jalandhar,Adampur,Cabbage,Other,11/03/2020,600,800,800
Punjab,Jalandhar,Adampur,Cabbage,Other,12/03/2020,800,1000,1000
Punjab,Jalandhar,Adampur,Cabbage,Other,13/03/2020,900,1000,1000
Punjab,Jalandhar,Adampur,Cabbage,Other,14/03/2020,800,1000,1000
Punjab,Jalandhar,Adampur,Cabbage,Other,17/03/2020,800,1000,1000
Punjab,Jalandhar,Adampur,Cabbage,Other,18/03/2020,800,1000,1000
Punjab,Jalandhar,Adampur,Cabbage,Other,19/03/2020,800,1000,1000
Punjab,Jalandhar,Adampur,Cabbage,Other,21/03/2020,800,1000,1000
Punjab,Jalandhar,Adampur,Cabbage,Other,23/03/2020,900,1000,1000
Punjab,Jalandhar,Adampur,Cabbage,Other,28/03/2020,1500,1600,1600
Punjab,Jalandhar,Adampur,Cabbage,Other,30/03/2020,900,1500,1500
Punjab,Jalandhar,Adampur,Cabbage,Other,31/03/2020,1000,1500,1500
Punjab,Jalandhar,Adampur,Cabbage,Other,04/04/2020,600,800,800
Punjab,Jalandhar,Adampur,Cabbage,Other,06/04/2020,800,1000,1000
Punjab,Jalandhar,Adampur,Cabbage,Other,07/04/2020,700,900,900
Punjab,Jalandhar,Adampur,Cabbage,Other,08/04/2020,800,1000,1000
Punjab,Jalandhar,Adampur,Cabbage,Other,09/04/2020,800,1000,1000
Punjab,Jalandhar,Adampur,Cabbage,Other,10/04/2020,700,800,800
Punjab,Jalandhar,Adampur,Cabbage,Other,11/04/2020,700,800,800
Punjab,Jalandhar,Adampur,Cabbage,Other,13/04/2020,800,1000,1000
Punjab,Jalandhar,Adampur,Cabbage,Other,14/04/2020,800,1000,1000
Rajasthan,Ajmer,Ajmer(F&V),Cabbage,Other,21/02/2020,300,600,500
Rajasthan,Ajmer,Ajmer(F&V),Cabbage,Other,22/02/2020,300,700,500
Rajasthan,Ajmer,Ajmer(F&V),Cabbage,Other,23/02/2020,300,700,550
Rajasthan,Ajmer,Ajmer(F&V),Cabbage,Other,24/02/2020,300,700,500
Rajasthan,Ajmer,Ajmer(F&V),Cabbage,Other,25/02/2020,400,800,600
Rajasthan,Ajmer,Ajmer(F&V),Cabbage,Other,26/02/2020,400,800,650
Rajasthan,Ajmer,Ajmer(F&V),Cabbage,Other,27/02/2020,400,700,600
Rajasthan,Ajmer,Ajmer(F&V),Cabbage,Other,28/02/2020,500,800,650
Rajasthan,Ajmer,Ajmer(F&V),Cabbage,Other,29/02/2020,500,800,650
Rajasthan,Ajmer,Ajmer(F&V),Cabbage,Other,01/03/2020,400,900,650
Rajasthan,Ajmer,Ajmer(F&V),Cabbage,Other,02/03/2020,400,800,600
Rajasthan,Ajmer,Ajmer(F&V),Cabbage,Other,03/03/2020,500,1000,750
Rajasthan,Ajmer,Ajmer(F&V),Cabbage,Other,04/03/2020,500,1000,800
Rajasthan,Ajmer,Ajmer(F&V),Cabbage,Other,05/03/2020,500,1000,750
Rajasthan,Ajmer,Ajmer(F&V),Cabbage,Other,06/03/2020,500,900,700
Rajasthan,Ajmer,Ajmer(F&V),Cabbage,Other,08/03/2020,500,1000,800
Rajasthan,Ajmer,Ajmer(F&V),Cabbage,Other,09/03/2020,400,1200,850
Rajasthan,Ajmer,Ajmer(F&V),Cabbage,Other,11/03/2020,500,1100,800
Rajasthan,Ajmer,Ajmer(F&V),Cabbage,Other,12/03/2020,500,1200,900
Rajasthan,Ajmer,Ajmer(F&V),Cabbage,Other,13/03/2020,500,1000,750
Rajasthan,Ajmer,Ajmer(F&V),Cabbage,Other,14/03/2020,500,1100,800
Rajasthan,Ajmer,Ajmer(F&V),Cabbage,Other,15/03/2020,500,1000,750
Rajasthan,Ajmer,Ajmer(F&V),Cabbage,Other,17/03/2020,500,900,700
Rajasthan,Ajmer,Ajmer(F&V),Cabbage,Other,18/03/2020,500,1000,750
Rajasthan,Ajmer,Ajmer(F&V),Cabbage,Other,19/03/2020,400,800,600
Rajasthan,Ajmer,Ajmer(F&V),Cabbage,Other,20/03/2020,500,900,700
Rajasthan,Ajmer,Ajmer(F&V),Cabbage,Other,11/04/2020,400,700,500
Rajasthan,Ajmer,Ajmer(F&V),Cabbage,Other,12/04/2020,450,600,500
Rajasthan,Ajmer,Ajmer(F&V),Cabbage,Other,13/04/2020,400,600,500
Rajasthan,Ajmer,Ajmer(F&V),Cabbage,Other,14/04/2020,400,600,500
Rajasthan,Ajmer,Ajmer(F&V),Cabbage,Other,15/04/2020,300,600,500
Tripura,Khowai,Teliamura,Cabbage,Cabbage,20/02/2020,1000,1500,1200
Tripura,Khowai,Teliamura,Cabbage,Cabbage,21/02/2020,1200,1500,1300
Tripura,Khowai,Teliamura,Cabbage,Cabbage,22/02/2020,1000,1400,1200
Tripura,Khowai,Teliamura,Cabbage,Cabbage,23/02/2020,1200,1500,1300
Tripura,Khowai,Teliamura,Cabbage,Cabbage,24/02/2020,1000,1500,1200
Tripura,Khowai,Teliamura,Cabbage,Cabbage,25/02/2020,1000,1500,1200
Tripura,Khowai,Teliamura,Cabbage,Cabbage,26/02/2020,1200,1500,1400
Tripura,Khowai,Teliamura,Cabbage,Cabbage,27/02/2020,1200,1800,1500
Tripura,Khowai,Teliamura,Cabbage,Cabbage,28/02/2020,800,1000,900
Tripura,Khowai,Teliamura,Cabbage,Cabbage,29/02/2020,800,1200,1000
Tripura,Khowai,Teliamura,Cabbage,Cabbage,01/03/2020,800,1200,1000
Tripura,Khowai,Teliamura,Cabbage,Cabbage,02/03/2020,700,900,800
Tripura,Khowai,Teliamura,Cabbage,Cabbage,03/03/2020,800,1100,1000
Tripura,Khowai,Teliamura,Cabbage,Cabbage,04/03/2020,1000,1300,1200
Tripura,Khowai,Teliamura,Cabbage,Cabbage,05/03/2020,1000,1400,1200
Tripura,Khowai,Teliamura,Cabbage,Cabbage,06/03/2020,700,900,800
Tripura,Khowai,Teliamura,Cabbage,Cabbage,07/03/2020,800,1200,1000
Tripura,Khowai,Teliamura,Cabbage,Cabbage,08/03/2020,700,1000,800
Tripura,Khowai,Teliamura,Cabbage,Cabbage,09/03/2020,600,800,700
Tripura,Khowai,Teliamura,Cabbage,Cabbage,10/03/2020,800,1200,1000
Tripura,Khowai,Teliamura,Cabbage,Cabbage,11/03/2020,800,1200,1000
Tripura,Khowai,Teliamura,Cabbage,Cabbage,12/03/2020,800,1200,1000
Tripura,Khowai,Teliamura,Cabbage,Cabbage,13/03/2020,800,1000,900
Tripura,Khowai,Teliamura,Cabbage,Cabbage,14/03/2020,800,1000,900
Tripura,Khowai,Teliamura,Cabbage,Cabbage,15/03/2020,800,1000,900
Tripura,Khowai,Teliamura,Cabbage,Cabbage,16/03/2020,800,1000,900
Tripura,Khowai,Teliamura,Cabbage,Cabbage,17/03/2020,800,1000,900
Tripura,Khowai,Teliamura,Cabbage,Cabbage,18/03/2020,800,1000,900
Tripura,Khowai,Teliamura,Cabbage,Cabbage,19/03/2020,800,1000,900
Tripura,Khowai,Teliamura,Cabbage,Cabbage,20/03/2020,500,700,600
Tripura,Khowai,Teliamura,Cabbage,Cabbage,21/03/2020,700,900,800
Tripura,Khowai,Teliamura,Cabbage,Cabbage,22/03/2020,600,800,700
Tripura,Khowai,Teliamura,Cabbage,Cabbage,23/03/2020,500,700,600
Tripura,Khowai,Teliamura,Cabbage,Cabbage,27/03/2020,1000,1400,1200
Tripura,Khowai,Teliamura,Cabbage,Cabbage,28/03/2020,1200,1500,1400
Tripura,Khowai,Teliamura,Cabbage,Cabbage,29/03/2020,1000,1500,1200
Tripura,Khowai,Teliamura,Cabbage,Cabbage,03/04/2020,600,900,800
Tripura,Khowai,Teliamura,Cabbage,Cabbage,04/04/2020,500,800,700
Tripura,Khowai,Teliamura,Cabbage,Cabbage,05/04/2020,800,1200,1000
Tripura,Khowai,Teliamura,Cabbage,Cabbage,06/04/2020,800,1000,900
Tripura,Khowai,Teliamura,Cabbage,Cabbage,10/04/2020,1000,1500,1200
Tripura,Khowai,Teliamura,Cabbage,Cabbage,11/04/2020,1500,2000,1800
Tripura,Khowai,Teliamura,Cabbage,Cabbage,12/04/2020,1500,2000,1800
Tripura,Khowai,Teliamura,Cabbage,Cabbage,13/04/2020,1000,1500,1300
Tripura,Khowai,Teliamura,Cabbage,Cabbage,15/04/2020,1200,1500,1400
Uttar Pradesh,Agra,Achnera,Cabbage,Cabbage,21/02/2020,800,880,840
Uttar Pradesh,Agra,Achnera,Cabbage,Cabbage,22/02/2020,800,900,850
Uttar Pradesh,Agra,Achnera,Cabbage,Cabbage,23/02/2020,800,900,850
Uttar Pradesh,Agra,Achnera,Cabbage,Cabbage,24/02/2020,800,900,850
Uttar Pradesh,Agra,Achnera,Cabbage,Cabbage,25/02/2020,840,900,870
Uttar Pradesh,Agra,Achnera,Cabbage,Cabbage,26/02/2020,800,900,850
Uttar Pradesh,Agra,Achnera,Cabbage,Cabbage,28/02/2020,800,860,830
Uttar Pradesh,Agra,Achnera,Cabbage,Cabbage,29/02/2020,800,880,840
Uttar Pradesh,Agra,Achnera,Cabbage,Cabbage,01/03/2020,800,860,830
Uttar Pradesh,Agra,Achnera,Cabbage,Cabbage,02/03/2020,800,860,830
Uttar Pradesh,Agra,Achnera,Cabbage,Cabbage,03/03/2020,780,860,820
Uttar Pradesh,Agra,Achnera,Cabbage,Cabbage,04/03/2020,750,850,800
Uttar Pradesh,Agra,Achnera,Cabbage,Cabbage,06/03/2020,750,850,800
Uttar Pradesh,Agra,Achnera,Cabbage,Cabbage,07/03/2020,800,900,850
Uttar Pradesh,Agra,Achnera,Cabbage,Cabbage,08/03/2020,750,850,800
Uttar Pradesh,Agra,Achnera,Cabbage,Cabbage,09/03/2020,750,850,800
Uttar Pradesh,Agra,Achnera,Cabbage,Cabbage,13/03/2020,850,950,900
Uttar Pradesh,Agra,Achnera,Cabbage,Cabbage,14/03/2020,850,950,900
Uttar Pradesh,Agra,Achnera,Cabbage,Cabbage,15/03/2020,840,920,880
Uttar Pradesh,Agra,Achnera,Cabbage,Cabbage,16/03/2020,840,900,870
Uttar Pradesh,Agra,Achnera,Cabbage,Cabbage,17/03/2020,850,950,900
Uttar Pradesh,Agra,Achnera,Cabbage,Cabbage,18/03/2020,800,900,850
Uttar Pradesh,Agra,Achnera,Cabbage,Cabbage,20/03/2020,800,900,850
Uttar Pradesh,Agra,Achnera,Cabbage,Cabbage,21/03/2020,800,880,840
Uttar Pradesh,Agra,Achnera,Cabbage,Cabbage,24/03/2020,820,900,860
Uttar Pradesh,Agra,Achnera,Cabbage,Cabbage,25/03/2020,750,850,800
Uttar Pradesh,Agra,Achnera,Cabbage,Cabbage,27/03/2020,1050,1150,1100
Uttar Pradesh,Agra,Achnera,Cabbage,Cabbage,28/03/2020,800,900,850
Uttar Pradesh,Agra,Achnera,Cabbage,Cabbage,29/03/2020,850,950,900
Uttar Pradesh,Agra,Achnera,Cabbage,Cabbage,30/03/2020,800,900,850
Uttar Pradesh,Agra,Achnera,Cabbage,Cabbage,31/03/2020,800,900,850
Uttar Pradesh,Agra,Achnera,Cabbage,Cabbage,01/04/2020,850,950,900
Uttar Pradesh,Agra,Achnera,Cabbage,Cabbage,03/04/2020,850,950,900
Uttar Pradesh,Agra,Achnera,Cabbage,Cabbage,04/04/2020,800,900,850
Uttar Pradesh,Agra,Achnera,Cabbage,Cabbage,05/04/2020,800,900,850
Uttar Pradesh,Agra,Achnera,Cabbage,Cabbage,06/04/2020,820,920,870
Uttar Pradesh,Agra,Achnera,Cabbage,Cabbage,07/04/2020,800,900,850
Uttar Pradesh,Agra,Achnera,Cabbage,Cabbage,08/04/2020,800,900,850
Uttar Pradesh,Agra,Achnera,Cabbage,Cabbage,10/04/2020,850,950,900
Uttar Pradesh,Agra,Achnera,Cabbage,Cabbage,11/04/2020,800,900,850
Uttar Pradesh,Agra,Achnera,Cabbage,Cabbage,12/04/2020,800,900,850
Uttar Pradesh,Agra,Achnera,Cabbage,Cabbage,13/04/2020,850,950,900
Uttar Pradesh,Agra,Achnera,Cabbage,Cabbage,14/04/2020,750,850,800
Uttar Pradesh,Agra,Achnera,Cabbage,Cabbage,15/04/2020,750,850,800
West Bengal,Burdwan,Durgapur,Cabbage,Other,20/02/2020,600,700,650
West Bengal,Burdwan,Durgapur,Cabbage,Other,21/02/2020,560,650,600
West Bengal,Burdwan,Durgapur,Cabbage,Other,22/02/2020,600,700,650
West Bengal,Burdwan,Durgapur,Cabbage,Other,23/02/2020,700,800,750
West Bengal,Burdwan,Durgapur,Cabbage,Other,24/02/2020,750,850,800
West Bengal,Burdwan,Durgapur,Cabbage,Other,25/02/2020,560,640,600
West Bengal,Burdwan,Durgapur,Cabbage,Other,26/02/2020,560,650,600
West Bengal,Burdwan,Durgapur,Cabbage,Other,27/02/2020,560,640,600
West Bengal,Burdwan,Durgapur,Cabbage,Other,28/02/2020,550,650,600
West Bengal,Burdwan,Durgapur,Cabbage,Other,29/02/2020,450,540,500
West Bengal,Burdwan,Durgapur,Cabbage,Other,01/03/2020,420,500,450
West Bengal,Burdwan,Durgapur,Cabbage,Other,02/03/2020,400,450,400
West Bengal,Burdwan,Durgapur,Cabbage,Other,03/03/2020,400,450,400
West Bengal,Burdwan,Durgapur,Cabbage,Other,04/03/2020,400,500,450
West Bengal,Burdwan,Durgapur,Cabbage,Other,05/03/2020,360,440,400
West Bengal,Burdwan,Durgapur,Cabbage,Other,06/03/2020,360,450,400
West Bengal,Burdwan,Durgapur,Cabbage,Other,07/03/2020,360,440,400
West Bengal,Burdwan,Durgapur,Cabbage,Other,08/03/2020,400,500,450
West Bengal,Burdwan,Durgapur,Cabbage,Other,09/03/2020,400,500,450
West Bengal,Burdwan,Durgapur,Cabbage,Other,10/03/2020,450,550,500
West Bengal,Burdwan,Durgapur,Cabbage,Other,11/03/2020,400,500,450
West Bengal,Burdwan,Durgapur,Cabbage,Other,12/03/2020,450,550,500
West Bengal,Burdwan,Durgapur,Cabbage,Other,13/03/2020,400,500,450
West Bengal,Burdwan,Durgapur,Cabbage,Other,14/03/2020,400,500,450
West Bengal,Burdwan,Durgapur,Cabbage,Other,15/03/2020,400,500,450
West Bengal,Burdwan,Durgapur,Cabbage,Other,16/03/2020,400,450,400
West Bengal,Burdwan,Durgapur,Cabbage,Other,17/03/2020,400,450,400
West Bengal,Burdwan,Durgapur,Cabbage,Other,18/03/2020,300,400,350
West Bengal,Burdwan,Durgapur,Cabbage,Other,19/03/2020,300,400,350
West Bengal,Burdwan,Durgapur,Cabbage,Other,21/03/2020,650,750,700
West Bengal,Burdwan,Durgapur,Cabbage,Other,23/03/2020,900,1000,1000
West Bengal,Burdwan,Durgapur,Cabbage,Other,24/03/2020,900,1000,1000
West Bengal,Burdwan,Durgapur,Cabbage,Other,25/03/2020,850,950,900
West Bengal,Burdwan,Durgapur,Cabbage,Other,26/03/2020,850,950,900
West Bengal,Burdwan,Durgapur,Cabbage,Other,27/03/2020,900,1000,950
West Bengal,Burdwan,Durgapur,Cabbage,Other,28/03/2020,750,800,750
West Bengal,Burdwan,Durgapur,Cabbage,Other,29/03/2020,560,650,600
West Bengal,Burdwan,Durgapur,Cabbage,Other,30/03/2020,560,650,600
West Bengal,Burdwan,Durgapur,Cabbage,Other,31/03/2020,500,600,550
West Bengal,Burdwan,Durgapur,Cabbage,Other,01/04/2020,500,600,550
West Bengal,Burdwan,Durgapur,Cabbage,Other,02/04/2020,450,550,500
West Bengal,Burdwan,Durgapur,Cabbage,Other,03/04/2020,460,540,500
West Bengal,Burdwan,Durgapur,Cabbage,Other,04/04/2020,560,650,600
West Bengal,Burdwan,Durgapur,Cabbage,Other,05/04/2020,500,600,550
West Bengal,Burdwan,Durgapur,Cabbage,Other,06/04/2020,450,550,500
West Bengal,Burdwan,Durgapur,Cabbage,Other,07/04/2020,450,550,500
West Bengal,Burdwan,Durgapur,Cabbage,Other,08/04/2020,600,700,650
West Bengal,Burdwan,Durgapur,Cabbage,Other,09/04/2020,560,640,600
West Bengal,Burdwan,Durgapur,Cabbage,Other,10/04/2020,520,600,560
West Bengal,Burdwan,Durgapur,Cabbage,Other,11/04/2020,560,640,600
West Bengal,Burdwan,Durgapur,Cabbage,Other,12/04/2020,550,650,600
West Bengal,Burdwan,Durgapur,Cabbage,Other,13/04/2020,560,640,600
West Bengal,Burdwan,Durgapur,Cabbage,Other,14/04/2020,650,750,700
West Bengal,Burdwan,Durgapur,Cabbage,Other,15/04/2020,560,650,600